FileName,NumberOfCycle,ToolIndex,CycleToFailure,CycleToFailureNormalized,wear_class_name,MillingToolType,ADOC,RDOC,HardnessMean,ToolHolderLength,ToolRotation,FeedRate,ToolDiameter,split
P003_F03_C2,10,3,40,0.816326531,Healthy,1,10,8.0,40.0,80,3200,640,10,train
P003_F03_C3,11,3,39,0.795918367,Healthy,1,10,8.0,40.0,80,3200,640,10,train
P003_F04_C1,13,3,37,0.755102041,Healthy,1,10,8.0,40.0,80,3200,640,10,train
P003_F04_C2,14,3,36,0.734693878,Healthy,1,10,8.0,40.0,80,3200,640,10,train
P003_F04_C3,15,3,35,0.714285714,Healthy,1,10,8.0,40.0,80,3200,640,10,train
P003_F04_C4,16,3,34,0.693877551,Healthy,1,10,8.0,40.0,80,3200,640,10,train
P003_F05_C1,17,3,33,0.673469388,Healthy,1,10,8.0,40.0,80,3200,640,10,train
P003_F05_C2,18,3,32,0.653061224,Moderate,1,10,8.0,40.0,80,3200,640,10,train
P003_F05_C3,19,3,31,0.632653061,Moderate,1,10,8.0,40.0,80,3200,640,10,train
P003_F05_C4,20,3,30,0.612244898,Moderate,1,10,8.0,40.0,80,3200,640,10,train
P003_F06_C1,21,3,29,0.591836735,Moderate,1,10,8.0,40.0,80,3200,640,10,train
P003_F06_C2,22,3,28,0.571428571,Moderate,1,10,8.0,40.0,80,3200,640,10,train
P003_F06_C3,23,3,27,0.551020408,Moderate,1,10,8.0,40.0,80,3200,640,10,train
P003_F06_C4,24,3,26,0.530612245,Moderate,1,10,8.0,40.0,80,3200,640,10,train
P004_F01_C1,25,3,25,0.510204082,Moderate,1,10,8.0,39.33,80,3200,640,10,train
P004_F01_C2,26,3,24,0.489795918,Moderate,1,10,8.0,39.33,80,3200,640,10,train
P004_F01_C3,27,3,23,0.469387755,Moderate,1,10,8.0,39.33,80,3200,640,10,train
P004_F01_C4,28,3,22,0.448979592,Moderate,1,10,8.0,39.33,80,3200,640,10,train
P004_F02_C1,29,3,21,0.428571429,Moderate,1,10,8.0,39.33,80,3200,640,10,train
P004_F02_C2,30,3,20,0.408163265,Moderate,1,10,8.0,39.33,80,3200,640,10,train
P004_F02_C3,31,3,19,0.387755102,Moderate,1,10,8.0,39.33,80,3200,640,10,train
P004_F02_C4,32,3,18,0.367346939,Moderate,1,10,8.0,39.33,80,3200,640,10,train
P004_F03_C1,33,3,17,0.346938776,Moderate,1,10,8.0,39.33,80,3200,640,10,train
P004_F03_C2,34,3,16,0.326530612,Worn,1,10,8.0,39.33,80,3200,640,10,train
P004_F03_C3,35,3,15,0.306122449,Worn,1,10,8.0,39.33,80,3200,640,10,train
P004_F03_C4,36,3,14,0.285714286,Worn,1,10,8.0,39.33,80,3200,640,10,train
P004_F04_C1,37,3,13,0.265306122,Worn,1,10,8.0,39.33,80,3200,640,10,train
P004_F04_C2,38,3,12,0.244897959,Worn,1,10,8.0,39.33,80,3200,640,10,train
P004_F04_C4,40,3,10,0.204081633,Worn,1,10,8.0,39.33,80,3200,640,10,train
P004_F05_C1,41,3,9,0.183673469,Worn,1,10,8.0,39.33,80,3200,640,10,train
P004_F05_C2,42,3,8,0.163265306,Worn,1,10,8.0,39.33,80,3200,640,10,train
P004_F05_C3,43,3,7,0.142857143,Worn,1,10,8.0,39.33,80,3200,640,10,train
P004_F05_C4,44,3,6,0.12244898,Worn,1,10,8.0,39.33,80,3200,640,10,train
P004_F06_C1,45,3,5,0.102040816,Worn,1,10,8.0,39.33,80,3200,640,10,train
P004_F06_C2,46,3,4,0.081632653,Worn,1,10,8.0,39.33,80,3200,640,10,train
P016_F01_C1,49,3,1,0.020408163,Worn,1,10,8.0,37.5,80,3200,640,10,train
P016_F01_C2,50,3,0,0.0,Worn,1,10,8.0,37.5,80,3200,640,10,train
P007_F03_C4,8,4,33,0.825,Healthy,1,5,8.0,35.33,80,3200,640,10,train
P007_F04_C1,9,4,32,0.8,Healthy,1,5,8.0,35.33,80,3200,640,10,train
P007_F04_C2,10,4,31,0.775,Healthy,1,5,8.0,35.33,80,3200,640,10,train
P007_F04_C3,11,4,30,0.75,Healthy,1,5,8.0,35.33,80,3200,640,10,train
P007_F04_C4,12,4,29,0.725,Healthy,1,5,8.0,35.33,80,3200,640,10,train
P007_F05_C1,13,4,28,0.7,Healthy,1,5,8.0,35.33,80,3200,640,10,train
P007_F05_C2,14,4,27,0.675,Healthy,1,5,8.0,35.33,80,3200,640,10,train
P007_F05_C3,15,4,26,0.65,Moderate,1,5,8.0,35.33,80,3200,640,10,train
P007_F05_C4,16,4,25,0.625,Moderate,1,5,8.0,35.33,80,3200,640,10,train
P007_F06_C1,17,4,24,0.6,Moderate,1,5,8.0,35.33,80,3200,640,10,train
P007_F06_C2,18,4,23,0.575,Moderate,1,5,8.0,35.33,80,3200,640,10,train
P007_F06_C3,19,4,22,0.55,Moderate,1,5,8.0,35.33,80,3200,640,10,train
P007_F06_C4,20,4,21,0.525,Moderate,1,5,8.0,35.33,80,3200,640,10,train
P007_F07_C1,21,4,20,0.5,Moderate,1,5,8.0,35.33,80,3200,640,10,train
P007_F07_C2,22,4,19,0.475,Moderate,1,5,8.0,35.33,80,3200,640,10,train
P007_F07_C3,23,4,18,0.45,Moderate,1,5,8.0,35.33,80,3200,640,10,train
P007_F07_C4,24,4,17,0.425,Moderate,1,5,8.0,35.33,80,3200,640,10,train
P007_F08_C1,25,4,16,0.4,Moderate,1,5,8.0,35.33,80,3200,640,10,train
P007_F08_C2,26,4,15,0.375,Moderate,1,5,8.0,35.33,80,3200,640,10,train
P007_F08_C3,27,4,14,0.35,Moderate,1,5,8.0,35.33,80,3200,640,10,train
P007_F08_C4,28,4,13,0.325,Worn,1,5,8.0,35.33,80,3200,640,10,train
P007_F09_C1,29,4,12,0.3,Worn,1,5,8.0,35.33,80,3200,640,10,train
P007_F09_C2,30,4,11,0.275,Worn,1,5,8.0,35.33,80,3200,640,10,train
P007_F09_C3,31,4,10,0.25,Worn,1,5,8.0,35.33,80,3200,640,10,train
P007_F09_C4,32,4,9,0.225,Worn,1,5,8.0,35.33,80,3200,640,10,train
P007_F10_C1,33,4,8,0.2,Worn,1,5,8.0,35.33,80,3200,640,10,train
P007_F10_C2,34,4,7,0.175,Worn,1,5,8.0,35.33,80,3200,640,10,train
P007_F10_C3,35,4,6,0.15,Worn,1,5,8.0,35.33,80,3200,640,10,train
P007_F10_C4,36,4,5,0.125,Worn,1,5,8.0,35.33,80,3200,640,10,train
P007_F11_C1,37,4,4,0.1,Worn,1,5,8.0,35.33,80,3200,640,10,train
P007_F11_C2,38,4,3,0.075,Worn,1,5,8.0,35.33,80,3200,640,10,train
P007_F11_C3,39,4,2,0.05,Worn,1,5,8.0,35.33,80,3200,640,10,train
P007_F11_C4,40,4,1,0.025,Worn,1,5,8.0,35.33,80,3200,640,10,train
P007_F12_C1,41,4,0,0.0,Worn,1,5,8.0,35.33,80,3200,640,10,train
P011_F03_C1,9,6,21,0.724137931,Healthy,1,5,8.0,40.0,80,3200,640,10,train
P011_F03_C2,10,6,20,0.689655172,Healthy,1,5,8.0,40.0,80,3200,640,10,train
P011_F03_C3,11,6,19,0.655172414,Moderate,1,5,8.0,40.0,80,3200,640,10,train
P011_F03_C4,12,6,18,0.620689655,Moderate,1,5,8.0,40.0,80,3200,640,10,train
P011_F04_C1,13,6,17,0.586206897,Moderate,1,5,8.0,40.0,80,3200,640,10,train
P011_F04_C2,14,6,16,0.551724138,Moderate,1,5,8.0,40.0,80,3200,640,10,train
P011_F04_C3,15,6,15,0.517241379,Moderate,1,5,8.0,40.0,80,3200,640,10,train
P011_F04_C4,16,6,14,0.482758621,Moderate,1,5,8.0,40.0,80,3200,640,10,train
P011_F05_C1,17,6,13,0.448275862,Moderate,1,5,8.0,40.0,80,3200,640,10,train
P011_F05_C2,18,6,12,0.413793103,Moderate,1,5,8.0,40.0,80,3200,640,10,train
P011_F05_C3,19,6,11,0.379310345,Moderate,1,5,8.0,40.0,80,3200,640,10,train
P011_F05_C4,20,6,10,0.344827586,Moderate,1,5,8.0,40.0,80,3200,640,10,train
P011_F06_C1,21,6,9,0.310344828,Worn,1,5,8.0,40.0,80,3200,640,10,train
P011_F06_C2,22,6,8,0.275862069,Worn,1,5,8.0,40.0,80,3200,640,10,train
P011_F06_C3,23,6,7,0.24137931,Worn,1,5,8.0,40.0,80,3200,640,10,train
P011_F06_C4,24,6,6,0.206896552,Worn,1,5,8.0,40.0,80,3200,640,10,train
P011_F07_C1,25,6,5,0.172413793,Worn,1,5,8.0,40.0,80,3200,640,10,train
P011_F07_C2,26,6,4,0.137931034,Worn,1,5,8.0,40.0,80,3200,640,10,train
P011_F07_C3,27,6,3,0.103448276,Worn,1,5,8.0,40.0,80,3200,640,10,train
P011_F07_C4,28,6,2,0.068965517,Worn,1,5,8.0,40.0,80,3200,640,10,train
P011_F08_C2,30,6,0,0.0,Worn,1,5,8.0,40.0,80,3200,640,10,train
P006_F02_C1,8,7,119,0.944444444,Healthy,1,10,4.5,40.33,80,3200,640,10,train
P006_F02_C2,9,7,118,0.936507937,Healthy,1,10,4.5,40.33,80,3200,640,10,train
P006_F02_C3,10,7,117,0.928571429,Healthy,1,10,4.5,40.33,80,3200,640,10,train
P006_F02_C4,11,7,116,0.920634921,Healthy,1,10,4.5,40.33,80,3200,640,10,train
P006_F02_C5,12,7,115,0.912698413,Healthy,1,10,4.5,40.33,80,3200,640,10,train
P006_F02_C6,13,7,114,0.904761905,Healthy,1,10,4.5,40.33,80,3200,640,10,train
P006_F02_C7,14,7,113,0.896825397,Healthy,1,10,4.5,40.33,80,3200,640,10,train
P006_F03_C1,15,7,112,0.888888889,Healthy,1,10,4.5,40.33,80,3200,640,10,train
P006_F03_C2,16,7,111,0.880952381,Healthy,1,10,4.5,40.33,80,3200,640,10,train
P006_F03_C3,17,7,110,0.873015873,Healthy,1,10,4.5,40.33,80,3200,640,10,train
P006_F03_C4,18,7,109,0.865079365,Healthy,1,10,4.5,40.33,80,3200,640,10,train
P006_F03_C5,19,7,108,0.857142857,Healthy,1,10,4.5,40.33,80,3200,640,10,train
P006_F04_C1,22,7,105,0.833333333,Healthy,1,10,4.5,40.33,80,3200,640,10,train
P006_F04_C2,23,7,104,0.825396825,Healthy,1,10,4.5,40.33,80,3200,640,10,train
P006_F04_C3,24,7,103,0.817460317,Healthy,1,10,4.5,40.33,80,3200,640,10,train
P006_F04_C4,25,7,102,0.80952381,Healthy,1,10,4.5,40.33,80,3200,640,10,train
P006_F04_C5,26,7,101,0.801587302,Healthy,1,10,4.5,40.33,80,3200,640,10,train
P006_F04_C6,27,7,100,0.793650794,Healthy,1,10,4.5,40.33,80,3200,640,10,train
P006_F04_C7,28,7,99,0.785714286,Healthy,1,10,4.5,40.33,80,3200,640,10,train
P006_F05_C1,29,7,98,0.777777778,Healthy,1,10,4.5,40.33,80,3200,640,10,train
P006_F05_C2,30,7,97,0.76984127,Healthy,1,10,4.5,40.33,80,3200,640,10,train
P006_F05_C3,31,7,96,0.761904762,Healthy,1,10,4.5,40.33,80,3200,640,10,train
P006_F05_C4,32,7,95,0.753968254,Healthy,1,10,4.5,40.33,80,3200,640,10,train
P006_F05_C5,33,7,94,0.746031746,Healthy,1,10,4.5,40.33,80,3200,640,10,train
P006_F05_C6,34,7,93,0.738095238,Healthy,1,10,4.5,40.33,80,3200,640,10,train
P006_F05_C7,35,7,92,0.73015873,Healthy,1,10,4.5,40.33,80,3200,640,10,train
P006_F06_C1,36,7,91,0.722222222,Healthy,1,10,4.5,40.33,80,3200,640,10,train
P006_F06_C2,37,7,90,0.714285714,Healthy,1,10,4.5,40.33,80,3200,640,10,train
P006_F06_C3,38,7,89,0.706349206,Healthy,1,10,4.5,40.33,80,3200,640,10,train
P006_F06_C4,39,7,88,0.698412698,Healthy,1,10,4.5,40.33,80,3200,640,10,train
P006_F06_C5,40,7,87,0.69047619,Healthy,1,10,4.5,40.33,80,3200,640,10,train
P006_F06_C6,41,7,86,0.682539683,Healthy,1,10,4.5,40.33,80,3200,640,10,train
P006_F06_C7,42,7,85,0.674603175,Healthy,1,10,4.5,40.33,80,3200,640,10,train
P015_F01_C1,43,7,84,0.666666667,Healthy,1,10,4.5,41.33,80,3200,640,10,train
P015_F01_C2,44,7,83,0.658730159,Moderate,1,10,4.5,41.33,80,3200,640,10,train
P015_F01_C3,45,7,82,0.650793651,Moderate,1,10,4.5,41.33,80,3200,640,10,train
P015_F01_C4,46,7,81,0.642857143,Moderate,1,10,4.5,41.33,80,3200,640,10,train
P015_F01_C5,47,7,80,0.634920635,Moderate,1,10,4.5,41.33,80,3200,640,10,train
P015_F01_C6,48,7,79,0.626984127,Moderate,1,10,4.5,41.33,80,3200,640,10,train
P015_F01_C7,49,7,78,0.619047619,Moderate,1,10,4.5,41.33,80,3200,640,10,train
P015_F02_C1,50,7,77,0.611111111,Moderate,1,10,4.5,41.33,80,3200,640,10,train
P015_F02_C2,51,7,76,0.603174603,Moderate,1,10,4.5,41.33,80,3200,640,10,train
P015_F02_C3,52,7,75,0.595238095,Moderate,1,10,4.5,41.33,80,3200,640,10,train
P015_F02_C4,53,7,74,0.587301587,Moderate,1,10,4.5,41.33,80,3200,640,10,train
P015_F02_C5,54,7,73,0.579365079,Moderate,1,10,4.5,41.33,80,3200,640,10,train
P015_F02_C6,55,7,72,0.571428571,Moderate,1,10,4.5,41.33,80,3200,640,10,train
P015_F02_C7,56,7,71,0.563492063,Moderate,1,10,4.5,41.33,80,3200,640,10,train
P015_F03_C1,57,7,70,0.555555556,Moderate,1,10,4.5,41.33,80,3200,640,10,train
P015_F03_C2,58,7,69,0.547619048,Moderate,1,10,4.5,41.33,80,3200,640,10,train
P015_F03_C3,59,7,68,0.53968254,Moderate,1,10,4.5,41.33,80,3200,640,10,train
P015_F03_C4,60,7,67,0.531746032,Moderate,1,10,4.5,41.33,80,3200,640,10,train
P015_F03_C5,61,7,66,0.523809524,Moderate,1,10,4.5,41.33,80,3200,640,10,train
P015_F03_C6,62,7,65,0.515873016,Moderate,1,10,4.5,41.33,80,3200,640,10,train
P015_F03_C7,63,7,64,0.507936508,Moderate,1,10,4.5,41.33,80,3200,640,10,train
P015_F04_C1,64,7,63,0.5,Moderate,1,10,4.5,41.33,80,3200,640,10,train
P015_F04_C2,65,7,62,0.492063492,Moderate,1,10,4.5,41.33,80,3200,640,10,train
P015_F04_C3,66,7,61,0.484126984,Moderate,1,10,4.5,41.33,80,3200,640,10,train
P015_F04_C4,67,7,60,0.476190476,Moderate,1,10,4.5,41.33,80,3200,640,10,train
P015_F04_C5,68,7,59,0.468253968,Moderate,1,10,4.5,41.33,80,3200,640,10,train
P015_F04_C6,69,7,58,0.46031746,Moderate,1,10,4.5,41.33,80,3200,640,10,train
P015_F04_C7,70,7,57,0.452380952,Moderate,1,10,4.5,41.33,80,3200,640,10,train
P015_F05_C1,71,7,56,0.444444444,Moderate,1,10,4.5,41.33,80,3200,640,10,train
P015_F05_C2,72,7,55,0.436507937,Moderate,1,10,4.5,41.33,80,3200,640,10,train
P015_F05_C3,73,7,54,0.428571429,Moderate,1,10,4.5,41.33,80,3200,640,10,train
P015_F05_C4,74,7,53,0.420634921,Moderate,1,10,4.5,41.33,80,3200,640,10,train
P015_F05_C5,75,7,52,0.412698413,Moderate,1,10,4.5,41.33,80,3200,640,10,train
P015_F05_C6,76,7,51,0.404761905,Moderate,1,10,4.5,41.33,80,3200,640,10,train
P015_F05_C7,77,7,50,0.396825397,Moderate,1,10,4.5,41.33,80,3200,640,10,train
P015_F06_C1,78,7,49,0.388888889,Moderate,1,10,4.5,41.33,80,3200,640,10,train
P015_F06_C2,79,7,48,0.380952381,Moderate,1,10,4.5,41.33,80,3200,640,10,train
P015_F06_C3,80,7,47,0.373015873,Moderate,1,10,4.5,41.33,80,3200,640,10,train
P015_F06_C4,81,7,46,0.365079365,Moderate,1,10,4.5,41.33,80,3200,640,10,train
P015_F06_C5,82,7,45,0.357142857,Moderate,1,10,4.5,41.33,80,3200,640,10,train
P015_F06_C6,83,7,44,0.349206349,Moderate,1,10,4.5,41.33,80,3200,640,10,train
P015_F06_C7,84,7,43,0.341269841,Moderate,1,10,4.5,41.33,80,3200,640,10,train
P017_F01_C1,85,7,42,0.333333333,Moderate,1,10,4.5,39.33,80,3200,640,10,train
P017_F01_C2,86,7,41,0.325396825,Worn,1,10,4.5,39.33,80,3200,640,10,train
P017_F01_C3,87,7,40,0.317460317,Worn,1,10,4.5,39.33,80,3200,640,10,train
P017_F01_C4,88,7,39,0.30952381,Worn,1,10,4.5,39.33,80,3200,640,10,train
P017_F01_C5,89,7,38,0.301587302,Worn,1,10,4.5,39.33,80,3200,640,10,train
P017_F01_C6,90,7,37,0.293650794,Worn,1,10,4.5,39.33,80,3200,640,10,train
P017_F01_C7,91,7,36,0.285714286,Worn,1,10,4.5,39.33,80,3200,640,10,train
P017_F02_C1,92,7,35,0.277777778,Worn,1,10,4.5,39.33,80,3200,640,10,train
P017_F02_C2,93,7,34,0.26984127,Worn,1,10,4.5,39.33,80,3200,640,10,train
P017_F02_C3,94,7,33,0.261904762,Worn,1,10,4.5,39.33,80,3200,640,10,train
P017_F02_C4,95,7,32,0.253968254,Worn,1,10,4.5,39.33,80,3200,640,10,train
P017_F02_C5,96,7,31,0.246031746,Worn,1,10,4.5,39.33,80,3200,640,10,train
P017_F02_C6,97,7,30,0.238095238,Worn,1,10,4.5,39.33,80,3200,640,10,train
P017_F02_C7,98,7,29,0.23015873,Worn,1,10,4.5,39.33,80,3200,640,10,train
P017_F03_C1,99,7,28,0.222222222,Worn,1,10,4.5,39.33,80,3200,640,10,train
P017_F03_C2,100,7,27,0.214285714,Worn,1,10,4.5,39.33,80,3200,640,10,train
P017_F03_C3,101,7,26,0.206349206,Worn,1,10,4.5,39.33,80,3200,640,10,train
P017_F03_C4,102,7,25,0.198412698,Worn,1,10,4.5,39.33,80,3200,640,10,train
P017_F03_C5,103,7,24,0.19047619,Worn,1,10,4.5,39.33,80,3200,640,10,train
P017_F03_C6,104,7,23,0.182539683,Worn,1,10,4.5,39.33,80,3200,640,10,train
P017_F03_C7,105,7,22,0.174603175,Worn,1,10,4.5,39.33,80,3200,640,10,train
P017_F04_C1,106,7,21,0.166666667,Worn,1,10,4.5,39.33,80,3200,640,10,train
P017_F04_C2,107,7,20,0.158730159,Worn,1,10,4.5,39.33,80,3200,640,10,train
P017_F04_C3,108,7,19,0.150793651,Worn,1,10,4.5,39.33,80,3200,640,10,train
P017_F04_C4,109,7,18,0.142857143,Worn,1,10,4.5,39.33,80,3200,640,10,train
P017_F04_C5,110,7,17,0.134920635,Worn,1,10,4.5,39.33,80,3200,640,10,train
P017_F04_C6,111,7,16,0.126984127,Worn,1,10,4.5,39.33,80,3200,640,10,train
P017_F04_C7,112,7,15,0.119047619,Worn,1,10,4.5,39.33,80,3200,640,10,train
P017_F05_C1,113,7,14,0.111111111,Worn,1,10,4.5,39.33,80,3200,640,10,train
P017_F05_C2,114,7,13,0.103174603,Worn,1,10,4.5,39.33,80,3200,640,10,train
P017_F05_C3,115,7,12,0.095238095,Worn,1,10,4.5,39.33,80,3200,640,10,train
P017_F05_C4,116,7,11,0.087301587,Worn,1,10,4.5,39.33,80,3200,640,10,train
P017_F05_C5,117,7,10,0.079365079,Worn,1,10,4.5,39.33,80,3200,640,10,train
P017_F05_C6,118,7,9,0.071428571,Worn,1,10,4.5,39.33,80,3200,640,10,train
P017_F05_C7,119,7,8,0.063492063,Worn,1,10,4.5,39.33,80,3200,640,10,train
P017_F06_C1,120,7,7,0.055555556,Worn,1,10,4.5,39.33,80,3200,640,10,train
P017_F06_C2,121,7,6,0.047619048,Worn,1,10,4.5,39.33,80,3200,640,10,train
P017_F06_C3,122,7,5,0.03968254,Worn,1,10,4.5,39.33,80,3200,640,10,train
P017_F06_C4,123,7,4,0.031746032,Worn,1,10,4.5,39.33,80,3200,640,10,train
P017_F06_C5,124,7,3,0.023809524,Worn,1,10,4.5,39.33,80,3200,640,10,train
P017_F06_C6,125,7,2,0.015873016,Worn,1,10,4.5,39.33,80,3200,640,10,train
P026_F01_C1,127,7,0,0.0,Worn,1,10,4.5,39.33,80,3200,640,10,train
P112_F02_C1,8,10,7,0.5,Moderate,1,10,4.5,37.33,160,3200,640,10,train
P112_F02_C2,9,10,6,0.428571429,Moderate,1,10,4.5,37.33,160,3200,640,10,train
P112_F02_C3,10,10,5,0.357142857,Moderate,1,10,4.5,37.33,160,3200,640,10,train
P112_F02_C4,11,10,4,0.285714286,Worn,1,10,4.5,37.33,160,3200,640,10,train
P112_F02_C5,12,10,3,0.214285714,Worn,1,10,4.5,37.33,160,3200,640,10,train
P112_F02_C6,13,10,2,0.142857143,Worn,1,10,4.5,37.33,160,3200,640,10,train
P112_F02_C7,14,10,1,0.071428571,Worn,1,10,4.5,37.33,160,3200,640,10,train
P112_F03_C1,15,10,0,0.0,Worn,1,10,4.5,37.33,160,3200,640,10,train
P026_F02_C2,8,101,76,0.915662651,Healthy,2,10,4.5,39.33,80,3200,640,10,train
P026_F02_C3,9,101,75,0.903614458,Healthy,2,10,4.5,39.33,80,3200,640,10,train
P026_F02_C4,10,101,74,0.891566265,Healthy,2,10,4.5,39.33,80,3200,640,10,train
P026_F02_C5,11,101,73,0.879518072,Healthy,2,10,4.5,39.33,80,3200,640,10,train
P026_F02_C6,12,101,72,0.86746988,Healthy,2,10,4.5,39.33,80,3200,640,10,train
P026_F02_C7,13,101,71,0.855421687,Healthy,2,10,4.5,39.33,80,3200,640,10,train
P026_F03_C1,14,101,70,0.843373494,Healthy,2,10,4.5,39.33,80,3200,640,10,train
P026_F03_C2,15,101,69,0.831325301,Healthy,2,10,4.5,39.33,80,3200,640,10,train
P026_F03_C3,16,101,68,0.819277108,Healthy,2,10,4.5,39.33,80,3200,640,10,train
P026_F03_C4,17,101,67,0.807228916,Healthy,2,10,4.5,39.33,80,3200,640,10,train
P026_F03_C5,18,101,66,0.795180723,Healthy,2,10,4.5,39.33,80,3200,640,10,train
P026_F03_C6,19,101,65,0.78313253,Healthy,2,10,4.5,39.33,80,3200,640,10,train
P026_F03_C7,20,101,64,0.771084337,Healthy,2,10,4.5,39.33,80,3200,640,10,train
P026_F04_C1,21,101,63,0.759036145,Healthy,2,10,4.5,39.33,80,3200,640,10,train
P026_F04_C2,22,101,62,0.746987952,Healthy,2,10,4.5,39.33,80,3200,640,10,train
P026_F04_C3,23,101,61,0.734939759,Healthy,2,10,4.5,39.33,80,3200,640,10,train
P026_F04_C4,24,101,60,0.722891566,Healthy,2,10,4.5,39.33,80,3200,640,10,train
P026_F04_C5,25,101,59,0.710843373,Healthy,2,10,4.5,39.33,80,3200,640,10,train
P026_F04_C6,26,101,58,0.698795181,Healthy,2,10,4.5,39.33,80,3200,640,10,train
P026_F04_C7,27,101,57,0.686746988,Healthy,2,10,4.5,39.33,80,3200,640,10,train
P026_F05_C1,28,101,56,0.674698795,Healthy,2,10,4.5,39.33,80,3200,640,10,train
P026_F05_C2,29,101,55,0.662650602,Healthy,2,10,4.5,39.33,80,3200,640,10,train
P026_F05_C3,30,101,54,0.65060241,Moderate,2,10,4.5,39.33,80,3200,640,10,train
P026_F05_C4,31,101,53,0.638554217,Moderate,2,10,4.5,39.33,80,3200,640,10,train
P026_F05_C5,32,101,52,0.626506024,Moderate,2,10,4.5,39.33,80,3200,640,10,train
P026_F05_C6,33,101,51,0.614457831,Moderate,2,10,4.5,39.33,80,3200,640,10,train
P026_F05_C7,34,101,50,0.602409639,Moderate,2,10,4.5,39.33,80,3200,640,10,train
P026_F06_C1,35,101,49,0.590361446,Moderate,2,10,4.5,39.33,80,3200,640,10,train
P026_F06_C2,36,101,48,0.578313253,Moderate,2,10,4.5,39.33,80,3200,640,10,train
P026_F06_C3,37,101,47,0.56626506,Moderate,2,10,4.5,39.33,80,3200,640,10,train
P026_F06_C4,38,101,46,0.554216867,Moderate,2,10,4.5,39.33,80,3200,640,10,train
P026_F06_C5,39,101,45,0.542168675,Moderate,2,10,4.5,39.33,80,3200,640,10,train
P026_F06_C6,40,101,44,0.530120482,Moderate,2,10,4.5,39.33,80,3200,640,10,train
P026_F06_C7,41,101,43,0.518072289,Moderate,2,10,4.5,39.33,80,3200,640,10,train
P038_F01_C1,42,101,42,0.506024096,Moderate,2,10,4.5,37.83,80,3200,640,10,train
P038_F01_C2,43,101,41,0.493975904,Moderate,2,10,4.5,37.83,80,3200,640,10,train
P038_F01_C3,44,101,40,0.481927711,Moderate,2,10,4.5,37.83,80,3200,640,10,train
P038_F01_C4,45,101,39,0.469879518,Moderate,2,10,4.5,37.83,80,3200,640,10,train
P038_F01_C5,46,101,38,0.457831325,Moderate,2,10,4.5,37.83,80,3200,640,10,train
P038_F01_C6,47,101,37,0.445783133,Moderate,2,10,4.5,37.83,80,3200,640,10,train
P038_F01_C7,48,101,36,0.43373494,Moderate,2,10,4.5,37.83,80,3200,640,10,train
P038_F02_C1,49,101,35,0.421686747,Moderate,2,10,4.5,37.83,80,3200,640,10,train
P038_F02_C2,50,101,34,0.409638554,Moderate,2,10,4.5,37.83,80,3200,640,10,train
P038_F02_C3,51,101,33,0.397590361,Moderate,2,10,4.5,37.83,80,3200,640,10,train
P038_F02_C4,52,101,32,0.385542169,Moderate,2,10,4.5,37.83,80,3200,640,10,train
P038_F02_C5,53,101,31,0.373493976,Moderate,2,10,4.5,37.83,80,3200,640,10,train
P038_F02_C6,54,101,30,0.361445783,Moderate,2,10,4.5,37.83,80,3200,640,10,train
P038_F02_C7,55,101,29,0.34939759,Moderate,2,10,4.5,37.83,80,3200,640,10,train
P038_F03_C1,56,101,28,0.337349398,Moderate,2,10,4.5,37.83,80,3200,640,10,train
P038_F03_C2,57,101,27,0.325301205,Worn,2,10,4.5,37.83,80,3200,640,10,train
P038_F03_C3,58,101,26,0.313253012,Worn,2,10,4.5,37.83,80,3200,640,10,train
P038_F03_C4,59,101,25,0.301204819,Worn,2,10,4.5,37.83,80,3200,640,10,train
P038_F03_C5,60,101,24,0.289156627,Worn,2,10,4.5,37.83,80,3200,640,10,train
P038_F03_C6,61,101,23,0.277108434,Worn,2,10,4.5,37.83,80,3200,640,10,train
P038_F03_C7,62,101,22,0.265060241,Worn,2,10,4.5,37.83,80,3200,640,10,train
P038_F04_C1,63,101,21,0.253012048,Worn,2,10,4.5,37.83,80,3200,640,10,train
P038_F04_C2,64,101,20,0.240963855,Worn,2,10,4.5,37.83,80,3200,640,10,train
P038_F04_C3,65,101,19,0.228915663,Worn,2,10,4.5,37.83,80,3200,640,10,train
P038_F04_C4,66,101,18,0.21686747,Worn,2,10,4.5,37.83,80,3200,640,10,train
P038_F04_C5,67,101,17,0.204819277,Worn,2,10,4.5,37.83,80,3200,640,10,train
P038_F04_C6,68,101,16,0.192771084,Worn,2,10,4.5,37.83,80,3200,640,10,train
P038_F04_C7,69,101,15,0.180722892,Worn,2,10,4.5,37.83,80,3200,640,10,train
P038_F05_C1,70,101,14,0.168674699,Worn,2,10,4.5,37.83,80,3200,640,10,train
P038_F05_C2,71,101,13,0.156626506,Worn,2,10,4.5,37.83,80,3200,640,10,train
P038_F05_C3,72,101,12,0.144578313,Worn,2,10,4.5,37.83,80,3200,640,10,train
P038_F05_C4,73,101,11,0.13253012,Worn,2,10,4.5,37.83,80,3200,640,10,train
P038_F05_C5,74,101,10,0.120481928,Worn,2,10,4.5,37.83,80,3200,640,10,train
P038_F05_C6,75,101,9,0.108433735,Worn,2,10,4.5,37.83,80,3200,640,10,train
P038_F05_C7,76,101,8,0.096385542,Worn,2,10,4.5,37.83,80,3200,640,10,train
P038_F06_C1,77,101,7,0.084337349,Worn,2,10,4.5,37.83,80,3200,640,10,train
P038_F06_C2,78,101,6,0.072289157,Worn,2,10,4.5,37.83,80,3200,640,10,train
P038_F06_C3,79,101,5,0.060240964,Worn,2,10,4.5,37.83,80,3200,640,10,train
P038_F06_C4,80,101,4,0.048192771,Worn,2,10,4.5,37.83,80,3200,640,10,train
P038_F06_C5,81,101,3,0.036144578,Worn,2,10,4.5,37.83,80,3200,640,10,train
P038_F06_C6,82,101,2,0.024096386,Worn,2,10,4.5,37.83,80,3200,640,10,train
P038_F06_C7,83,101,1,0.012048193,Worn,2,10,4.5,37.83,80,3200,640,10,train
P041_F01_C1,84,101,0,0.0,Worn,2,10,4.5,39.17,80,3200,640,10,train
P108_F02_C2,9,102,76,0.904761905,Healthy,2,5,4.5,38.33,80,3200,640,10,train
P108_F02_C3,10,102,75,0.892857143,Healthy,2,5,4.5,38.33,80,3200,640,10,train
P108_F02_C4,11,102,74,0.880952381,Healthy,2,5,4.5,38.33,80,3200,640,10,train
P108_F02_C5,12,102,73,0.869047619,Healthy,2,5,4.5,38.33,80,3200,640,10,train
P108_F02_C6,13,102,72,0.857142857,Healthy,2,5,4.5,38.33,80,3200,640,10,train
P108_F02_C7,14,102,71,0.845238095,Healthy,2,5,4.5,38.33,80,3200,640,10,train
P108_F03_C1,15,102,70,0.833333333,Healthy,2,5,4.5,38.33,80,3200,640,10,train
P108_F03_C2,16,102,69,0.821428571,Healthy,2,5,4.5,38.33,80,3200,640,10,train
P108_F03_C3,17,102,68,0.80952381,Healthy,2,5,4.5,38.33,80,3200,640,10,train
P108_F03_C4,18,102,67,0.797619048,Healthy,2,5,4.5,38.33,80,3200,640,10,train
P108_F03_C5,19,102,66,0.785714286,Healthy,2,5,4.5,38.33,80,3200,640,10,train
P108_F03_C6,20,102,65,0.773809524,Healthy,2,5,4.5,38.33,80,3200,640,10,train
P108_F03_C7,21,102,64,0.761904762,Healthy,2,5,4.5,38.33,80,3200,640,10,train
P108_F04_C1,22,102,63,0.75,Healthy,2,5,4.5,38.33,80,3200,640,10,train
P108_F04_C2,23,102,62,0.738095238,Healthy,2,5,4.5,38.33,80,3200,640,10,train
P108_F04_C3,24,102,61,0.726190476,Healthy,2,5,4.5,38.33,80,3200,640,10,train
P108_F04_C4,25,102,60,0.714285714,Healthy,2,5,4.5,38.33,80,3200,640,10,train
P108_F04_C5,26,102,59,0.702380952,Healthy,2,5,4.5,38.33,80,3200,640,10,train
P108_F04_C6,27,102,58,0.69047619,Healthy,2,5,4.5,38.33,80,3200,640,10,train
P108_F04_C7,28,102,57,0.678571429,Healthy,2,5,4.5,38.33,80,3200,640,10,train
P108_F05_C1,29,102,56,0.666666667,Healthy,2,5,4.5,38.33,80,3200,640,10,train
P108_F05_C2,30,102,55,0.654761905,Moderate,2,5,4.5,38.33,80,3200,640,10,train
P108_F05_C3,31,102,54,0.642857143,Moderate,2,5,4.5,38.33,80,3200,640,10,train
P108_F05_C4,32,102,53,0.630952381,Moderate,2,5,4.5,38.33,80,3200,640,10,train
P108_F05_C5,33,102,52,0.619047619,Moderate,2,5,4.5,38.33,80,3200,640,10,train
P108_F05_C6,34,102,51,0.607142857,Moderate,2,5,4.5,38.33,80,3200,640,10,train
P108_F05_C7,35,102,50,0.595238095,Moderate,2,5,4.5,38.33,80,3200,640,10,train
P108_F06_C1,36,102,49,0.583333333,Moderate,2,5,4.5,38.33,80,3200,640,10,train
P108_F06_C2,37,102,48,0.571428571,Moderate,2,5,4.5,38.33,80,3200,640,10,train
P108_F06_C3,38,102,47,0.55952381,Moderate,2,5,4.5,38.33,80,3200,640,10,train
P108_F06_C4,39,102,46,0.547619048,Moderate,2,5,4.5,38.33,80,3200,640,10,train
P108_F06_C5,40,102,45,0.535714286,Moderate,2,5,4.5,38.33,80,3200,640,10,train
P108_F06_C6,41,102,44,0.523809524,Moderate,2,5,4.5,38.33,80,3200,640,10,train
P108_F06_C7,42,102,43,0.511904762,Moderate,2,5,4.5,38.33,80,3200,640,10,train
P108_F07_C1,43,102,42,0.5,Moderate,2,5,4.5,38.33,80,3200,640,10,train
P108_F07_C2,44,102,41,0.488095238,Moderate,2,5,4.5,38.33,80,3200,640,10,train
P108_F07_C3,45,102,40,0.476190476,Moderate,2,5,4.5,38.33,80,3200,640,10,train
P108_F07_C4,46,102,39,0.464285714,Moderate,2,5,4.5,38.33,80,3200,640,10,train
P108_F07_C5,47,102,38,0.452380952,Moderate,2,5,4.5,38.33,80,3200,640,10,train
P108_F07_C6,48,102,37,0.44047619,Moderate,2,5,4.5,38.33,80,3200,640,10,train
P108_F07_C7,49,102,36,0.428571429,Moderate,2,5,4.5,38.33,80,3200,640,10,train
P108_F08_C3,52,102,33,0.392857143,Moderate,2,5,4.5,38.33,80,3200,640,10,train
P108_F08_C4,53,102,32,0.380952381,Moderate,2,5,4.5,38.33,80,3200,640,10,train
P108_F08_C5,54,102,31,0.369047619,Moderate,2,5,4.5,38.33,80,3200,640,10,train
P108_F08_C6,55,102,30,0.357142857,Moderate,2,5,4.5,38.33,80,3200,640,10,train
P108_F08_C7,56,102,29,0.345238095,Moderate,2,5,4.5,38.33,80,3200,640,10,train
P108_F09_C1,57,102,28,0.333333333,Moderate,2,5,4.5,38.33,80,3200,640,10,train
P108_F09_C2,58,102,27,0.321428571,Worn,2,5,4.5,38.33,80,3200,640,10,train
P108_F09_C3,59,102,26,0.30952381,Worn,2,5,4.5,38.33,80,3200,640,10,train
P108_F09_C4,60,102,25,0.297619048,Worn,2,5,4.5,38.33,80,3200,640,10,train
P108_F09_C5,61,102,24,0.285714286,Worn,2,5,4.5,38.33,80,3200,640,10,train
P108_F09_C6,62,102,23,0.273809524,Worn,2,5,4.5,38.33,80,3200,640,10,train
P108_F09_C7,63,102,22,0.261904762,Worn,2,5,4.5,38.33,80,3200,640,10,train
P108_F10_C1,64,102,21,0.25,Worn,2,5,4.5,38.33,80,3200,640,10,train
P108_F10_C2,65,102,20,0.238095238,Worn,2,5,4.5,38.33,80,3200,640,10,train
P108_F10_C3,66,102,19,0.226190476,Worn,2,5,4.5,38.33,80,3200,640,10,train
P108_F10_C4,67,102,18,0.214285714,Worn,2,5,4.5,38.33,80,3200,640,10,train
P108_F10_C5,68,102,17,0.202380952,Worn,2,5,4.5,38.33,80,3200,640,10,train
P108_F10_C6,69,102,16,0.19047619,Worn,2,5,4.5,38.33,80,3200,640,10,train
P108_F10_C7,70,102,15,0.178571429,Worn,2,5,4.5,38.33,80,3200,640,10,train
P108_F11_C1,71,102,14,0.166666667,Worn,2,5,4.5,38.33,80,3200,640,10,train
P108_F11_C2,72,102,13,0.154761905,Worn,2,5,4.5,38.33,80,3200,640,10,train
P108_F11_C3,73,102,12,0.142857143,Worn,2,5,4.5,38.33,80,3200,640,10,train
P108_F11_C4,74,102,11,0.130952381,Worn,2,5,4.5,38.33,80,3200,640,10,train
P108_F11_C5,75,102,10,0.119047619,Worn,2,5,4.5,38.33,80,3200,640,10,train
P108_F11_C6,76,102,9,0.107142857,Worn,2,5,4.5,38.33,80,3200,640,10,train
P108_F11_C7,77,102,8,0.095238095,Worn,2,5,4.5,38.33,80,3200,640,10,train
P108_F12_C1,78,102,7,0.083333333,Worn,2,5,4.5,38.33,80,3200,640,10,train
P108_F12_C2,79,102,6,0.071428571,Worn,2,5,4.5,38.33,80,3200,640,10,train
P108_F12_C3,80,102,5,0.05952381,Worn,2,5,4.5,38.33,80,3200,640,10,train
P108_F12_C4,81,102,4,0.047619048,Worn,2,5,4.5,38.33,80,3200,640,10,train
P108_F12_C5,82,102,3,0.035714286,Worn,2,5,4.5,38.33,80,3200,640,10,train
P108_F12_C6,83,102,2,0.023809524,Worn,2,5,4.5,38.33,80,3200,640,10,train
P108_F12_C7,84,102,1,0.011904762,Worn,2,5,4.5,38.33,80,3200,640,10,train
P110_F01_C1,85,102,0,0.0,Worn,2,5,4.5,38.33,80,3200,640,10,train
P041_F02_C2,8,103,52,0.881355932,Healthy,2,10,4.5,39.17,80,3200,640,10,train
P041_F02_C3,9,103,51,0.86440678,Healthy,2,10,4.5,39.17,80,3200,640,10,train
P041_F02_C4,10,103,50,0.847457627,Healthy,2,10,4.5,39.17,80,3200,640,10,train
P041_F02_C5,11,103,49,0.830508475,Healthy,2,10,4.5,39.17,80,3200,640,10,train
P041_F02_C6,12,103,48,0.813559322,Healthy,2,10,4.5,39.17,80,3200,640,10,train
P041_F02_C7,13,103,47,0.796610169,Healthy,2,10,4.5,39.17,80,3200,640,10,train
P041_F03_C1,14,103,46,0.779661017,Healthy,2,10,4.5,39.17,80,3200,640,10,train
P041_F03_C2,15,103,45,0.762711864,Healthy,2,10,4.5,39.17,80,3200,640,10,train
P041_F03_C3,16,103,44,0.745762712,Healthy,2,10,4.5,39.17,80,3200,640,10,train
P041_F03_C4,17,103,43,0.728813559,Healthy,2,10,4.5,39.17,80,3200,640,10,train
P041_F03_C5,18,103,42,0.711864407,Healthy,2,10,4.5,39.17,80,3200,640,10,train
P041_F03_C6,19,103,41,0.694915254,Healthy,2,10,4.5,39.17,80,3200,640,10,train
P041_F03_C7,20,103,40,0.677966102,Healthy,2,10,4.5,39.17,80,3200,640,10,train
P041_F04_C1,21,103,39,0.661016949,Healthy,2,10,4.5,39.17,80,3200,640,10,train
P041_F04_C2,22,103,38,0.644067797,Moderate,2,10,4.5,39.17,80,3200,640,10,train
P041_F04_C3,23,103,37,0.627118644,Moderate,2,10,4.5,39.17,80,3200,640,10,train
P041_F04_C4,24,103,36,0.610169492,Moderate,2,10,4.5,39.17,80,3200,640,10,train
P041_F04_C5,25,103,35,0.593220339,Moderate,2,10,4.5,39.17,80,3200,640,10,train
P041_F04_C6,26,103,34,0.576271186,Moderate,2,10,4.5,39.17,80,3200,640,10,train
P041_F04_C7,27,103,33,0.559322034,Moderate,2,10,4.5,39.17,80,3200,640,10,train
P041_F05_C1,28,103,32,0.542372881,Moderate,2,10,4.5,39.17,80,3200,640,10,train
P041_F05_C2,29,103,31,0.525423729,Moderate,2,10,4.5,39.17,80,3200,640,10,train
P041_F05_C3,30,103,30,0.508474576,Moderate,2,10,4.5,39.17,80,3200,640,10,train
P041_F05_C4,31,103,29,0.491525424,Moderate,2,10,4.5,39.17,80,3200,640,10,train
P041_F05_C5,32,103,28,0.474576271,Moderate,2,10,4.5,39.17,80,3200,640,10,train
P041_F05_C6,33,103,27,0.457627119,Moderate,2,10,4.5,39.17,80,3200,640,10,train
P041_F05_C7,34,103,26,0.440677966,Moderate,2,10,4.5,39.17,80,3200,640,10,train
P041_F06_C1,35,103,25,0.423728814,Moderate,2,10,4.5,39.17,80,3200,640,10,train
P041_F06_C2,36,103,24,0.406779661,Moderate,2,10,4.5,39.17,80,3200,640,10,train
P041_F06_C3,37,103,23,0.389830508,Moderate,2,10,4.5,39.17,80,3200,640,10,train
P041_F06_C4,38,103,22,0.372881356,Moderate,2,10,4.5,39.17,80,3200,640,10,train
P041_F06_C5,39,103,21,0.355932203,Moderate,2,10,4.5,39.17,80,3200,640,10,train
P041_F06_C6,40,103,20,0.338983051,Moderate,2,10,4.5,39.17,80,3200,640,10,train
P041_F06_C7,41,103,19,0.322033898,Worn,2,10,4.5,39.17,80,3200,640,10,train
P036_F01_C1,42,103,18,0.305084746,Worn,2,10,4.5,39.83,80,3200,640,10,train
P036_F01_C2,43,103,17,0.288135593,Worn,2,10,4.5,39.83,80,3200,640,10,train
P036_F01_C3,44,103,16,0.271186441,Worn,2,10,4.5,39.83,80,3200,640,10,train
P036_F01_C4,45,103,15,0.254237288,Worn,2,10,4.5,39.83,80,3200,640,10,train
P036_F01_C5,46,103,14,0.237288136,Worn,2,10,4.5,39.83,80,3200,640,10,train
P036_F01_C6,47,103,13,0.220338983,Worn,2,10,4.5,39.83,80,3200,640,10,train
P036_F01_C7,48,103,12,0.203389831,Worn,2,10,4.5,39.83,80,3200,640,10,train
P036_F02_C1,49,103,11,0.186440678,Worn,2,10,4.5,39.83,80,3200,640,10,train
P036_F02_C2,50,103,10,0.169491525,Worn,2,10,4.5,39.83,80,3200,640,10,train
P036_F02_C3,51,103,9,0.152542373,Worn,2,10,4.5,39.83,80,3200,640,10,train
P036_F02_C4,52,103,8,0.13559322,Worn,2,10,4.5,39.83,80,3200,640,10,train
P036_F02_C5,53,103,7,0.118644068,Worn,2,10,4.5,39.83,80,3200,640,10,train
P036_F02_C6,54,103,6,0.101694915,Worn,2,10,4.5,39.83,80,3200,640,10,train
P036_F02_C7,55,103,5,0.084745763,Worn,2,10,4.5,39.83,80,3200,640,10,train
P036_F03_C1,56,103,4,0.06779661,Worn,2,10,4.5,39.83,80,3200,640,10,train
P036_F03_C2,57,103,3,0.050847458,Worn,2,10,4.5,39.83,80,3200,640,10,train
P036_F03_C3,58,103,2,0.033898305,Worn,2,10,4.5,39.83,80,3200,640,10,train
P036_F03_C4,59,103,1,0.016949153,Worn,2,10,4.5,39.83,80,3200,640,10,train
P036_F03_C5,60,103,0,0.0,Worn,2,10,4.5,39.83,80,3200,640,10,train
P110_F02_C2,8,105,117,0.943548387,Healthy,2,5,4.5,38.33,80,3200,640,10,train
P110_F02_C3,9,105,116,0.935483871,Healthy,2,5,4.5,38.33,80,3200,640,10,train
P110_F02_C4,10,105,115,0.927419355,Healthy,2,5,4.5,38.33,80,3200,640,10,train
P110_F02_C5,11,105,114,0.919354839,Healthy,2,5,4.5,38.33,80,3200,640,10,train
P110_F02_C6,12,105,113,0.911290323,Healthy,2,5,4.5,38.33,80,3200,640,10,train
P110_F02_C7,13,105,112,0.903225806,Healthy,2,5,4.5,38.33,80,3200,640,10,train
P110_F03_C1,14,105,111,0.89516129,Healthy,2,5,4.5,38.33,80,3200,640,10,train
P110_F03_C2,15,105,110,0.887096774,Healthy,2,5,4.5,38.33,80,3200,640,10,train
P110_F03_C3,16,105,109,0.879032258,Healthy,2,5,4.5,38.33,80,3200,640,10,train
P110_F03_C4,17,105,108,0.870967742,Healthy,2,5,4.5,38.33,80,3200,640,10,train
P110_F03_C5,18,105,107,0.862903226,Healthy,2,5,4.5,38.33,80,3200,640,10,train
P110_F03_C6,19,105,106,0.85483871,Healthy,2,5,4.5,38.33,80,3200,640,10,train
P110_F03_C7,20,105,105,0.846774194,Healthy,2,5,4.5,38.33,80,3200,640,10,train
P110_F04_C1,21,105,104,0.838709677,Healthy,2,5,4.5,38.33,80,3200,640,10,train
P110_F04_C2,22,105,103,0.830645161,Healthy,2,5,4.5,38.33,80,3200,640,10,train
P110_F04_C3,23,105,102,0.822580645,Healthy,2,5,4.5,38.33,80,3200,640,10,train
P110_F04_C4,24,105,101,0.814516129,Healthy,2,5,4.5,38.33,80,3200,640,10,train
P110_F04_C5,25,105,100,0.806451613,Healthy,2,5,4.5,38.33,80,3200,640,10,train
P110_F04_C6,26,105,99,0.798387097,Healthy,2,5,4.5,38.33,80,3200,640,10,train
P110_F04_C7,27,105,98,0.790322581,Healthy,2,5,4.5,38.33,80,3200,640,10,train
P110_F05_C1,28,105,97,0.782258065,Healthy,2,5,4.5,38.33,80,3200,640,10,train
P110_F05_C2,29,105,96,0.774193548,Healthy,2,5,4.5,38.33,80,3200,640,10,train
P110_F05_C3,30,105,95,0.766129032,Healthy,2,5,4.5,38.33,80,3200,640,10,train
P110_F05_C5,31,105,94,0.758064516,Healthy,2,5,4.5,38.33,80,3200,640,10,train
P110_F05_C6,32,105,93,0.75,Healthy,2,5,4.5,38.33,80,3200,640,10,train
P110_F05_C7,33,105,92,0.741935484,Healthy,2,5,4.5,38.33,80,3200,640,10,train
P110_F06_C1,34,105,91,0.733870968,Healthy,2,5,4.5,38.33,80,3200,640,10,train
P110_F06_C2,35,105,90,0.725806452,Healthy,2,5,4.5,38.33,80,3200,640,10,train
P110_F06_C3,36,105,89,0.717741935,Healthy,2,5,4.5,38.33,80,3200,640,10,train
P110_F06_C4,37,105,88,0.709677419,Healthy,2,5,4.5,38.33,80,3200,640,10,train
P110_F06_C5,38,105,87,0.701612903,Healthy,2,5,4.5,38.33,80,3200,640,10,train
P110_F06_C6,39,105,86,0.693548387,Healthy,2,5,4.5,38.33,80,3200,640,10,train
P110_F06_C7,40,105,85,0.685483871,Healthy,2,5,4.5,38.33,80,3200,640,10,train
P110_F07_C1,41,105,84,0.677419355,Healthy,2,5,4.5,38.33,80,3200,640,10,train
P110_F07_C2,42,105,83,0.669354839,Healthy,2,5,4.5,38.33,80,3200,640,10,train
P110_F07_C3,43,105,82,0.661290323,Healthy,2,5,4.5,38.33,80,3200,640,10,train
P110_F07_C4,44,105,81,0.653225806,Moderate,2,5,4.5,38.33,80,3200,640,10,train
P110_F07_C5,45,105,80,0.64516129,Moderate,2,5,4.5,38.33,80,3200,640,10,train
P110_F07_C6,46,105,79,0.637096774,Moderate,2,5,4.5,38.33,80,3200,640,10,train
P110_F07_C7,47,105,78,0.629032258,Moderate,2,5,4.5,38.33,80,3200,640,10,train
P110_F08_C1,48,105,77,0.620967742,Moderate,2,5,4.5,38.33,80,3200,640,10,train
P110_F08_C2,49,105,76,0.612903226,Moderate,2,5,4.5,38.33,80,3200,640,10,train
P110_F08_C3,50,105,75,0.60483871,Moderate,2,5,4.5,38.33,80,3200,640,10,train
P110_F08_C4,51,105,74,0.596774194,Moderate,2,5,4.5,38.33,80,3200,640,10,train
P110_F08_C5,52,105,73,0.588709677,Moderate,2,5,4.5,38.33,80,3200,640,10,train
P110_F08_C6,53,105,72,0.580645161,Moderate,2,5,4.5,38.33,80,3200,640,10,train
P110_F08_C7,54,105,71,0.572580645,Moderate,2,5,4.5,38.33,80,3200,640,10,train
P110_F09_C1,55,105,70,0.564516129,Moderate,2,5,4.5,38.33,80,3200,640,10,train
P110_F09_C2,56,105,69,0.556451613,Moderate,2,5,4.5,38.33,80,3200,640,10,train
P110_F09_C3,57,105,68,0.548387097,Moderate,2,5,4.5,38.33,80,3200,640,10,train
P110_F09_C4,58,105,67,0.540322581,Moderate,2,5,4.5,38.33,80,3200,640,10,train
P110_F09_C5,59,105,66,0.532258065,Moderate,2,5,4.5,38.33,80,3200,640,10,train
P110_F09_C6,60,105,65,0.524193548,Moderate,2,5,4.5,38.33,80,3200,640,10,train
P110_F09_C7,61,105,64,0.516129032,Moderate,2,5,4.5,38.33,80,3200,640,10,train
P110_F10_C1,62,105,63,0.508064516,Moderate,2,5,4.5,38.33,80,3200,640,10,train
P110_F10_C2,63,105,62,0.5,Moderate,2,5,4.5,38.33,80,3200,640,10,train
P110_F10_C3,64,105,61,0.491935484,Moderate,2,5,4.5,38.33,80,3200,640,10,train
P110_F10_C4,65,105,60,0.483870968,Moderate,2,5,4.5,38.33,80,3200,640,10,train
P110_F10_C5,66,105,59,0.475806452,Moderate,2,5,4.5,38.33,80,3200,640,10,train
P110_F10_C6,67,105,58,0.467741935,Moderate,2,5,4.5,38.33,80,3200,640,10,train
P110_F10_C7,68,105,57,0.459677419,Moderate,2,5,4.5,38.33,80,3200,640,10,train
P110_F11_C1,69,105,56,0.451612903,Moderate,2,5,4.5,38.33,80,3200,640,10,train
P110_F11_C2,70,105,55,0.443548387,Moderate,2,5,4.5,38.33,80,3200,640,10,train
P110_F11_C3,71,105,54,0.435483871,Moderate,2,5,4.5,38.33,80,3200,640,10,train
P110_F11_C4,72,105,53,0.427419355,Moderate,2,5,4.5,38.33,80,3200,640,10,train
P110_F11_C5,73,105,52,0.419354839,Moderate,2,5,4.5,38.33,80,3200,640,10,train
P110_F11_C6,74,105,51,0.411290323,Moderate,2,5,4.5,38.33,80,3200,640,10,train
P110_F11_C7,75,105,50,0.403225806,Moderate,2,5,4.5,38.33,80,3200,640,10,train
P110_F12_C1,76,105,49,0.39516129,Moderate,2,5,4.5,38.33,80,3200,640,10,train
P110_F12_C2,77,105,48,0.387096774,Moderate,2,5,4.5,38.33,80,3200,640,10,train
P110_F12_C3,78,105,47,0.379032258,Moderate,2,5,4.5,38.33,80,3200,640,10,train
P110_F12_C4,79,105,46,0.370967742,Moderate,2,5,4.5,38.33,80,3200,640,10,train
P110_F12_C5,80,105,45,0.362903226,Moderate,2,5,4.5,38.33,80,3200,640,10,train
P110_F12_C6,81,105,44,0.35483871,Moderate,2,5,4.5,38.33,80,3200,640,10,train
P110_F12_C7,82,105,43,0.346774194,Moderate,2,5,4.5,38.33,80,3200,640,10,train
P119_F01_C1,83,105,42,0.338709677,Moderate,2,5,4.5,38.5,80,3200,640,10,train
P119_F01_C2,84,105,41,0.330645161,Moderate,2,5,4.5,38.5,80,3200,640,10,train
P119_F01_C3,85,105,40,0.322580645,Worn,2,5,4.5,38.5,80,3200,640,10,train
P119_F01_C4,86,105,39,0.314516129,Worn,2,5,4.5,38.5,80,3200,640,10,train
P119_F01_C5,87,105,38,0.306451613,Worn,2,5,4.5,38.5,80,3200,640,10,train
P119_F01_C6,88,105,37,0.298387097,Worn,2,5,4.5,38.5,80,3200,640,10,train
P119_F01_C7,89,105,36,0.290322581,Worn,2,5,4.5,38.5,80,3200,640,10,train
P119_F02_C1,90,105,35,0.282258065,Worn,2,5,4.5,38.5,80,3200,640,10,train
P119_F02_C2,91,105,34,0.274193548,Worn,2,5,4.5,38.5,80,3200,640,10,train
P119_F02_C3,92,105,33,0.266129032,Worn,2,5,4.5,38.5,80,3200,640,10,train
P119_F02_C4,93,105,32,0.258064516,Worn,2,5,4.5,38.5,80,3200,640,10,train
P119_F02_C5,94,105,31,0.25,Worn,2,5,4.5,38.5,80,3200,640,10,train
P119_F02_C6,95,105,30,0.241935484,Worn,2,5,4.5,38.5,80,3200,640,10,train
P119_F02_C7,96,105,29,0.233870968,Worn,2,5,4.5,38.5,80,3200,640,10,train
P119_F03_C1,97,105,28,0.225806452,Worn,2,5,4.5,38.5,80,3200,640,10,train
P119_F03_C2,98,105,27,0.217741935,Worn,2,5,4.5,38.5,80,3200,640,10,train
P119_F03_C3,99,105,26,0.209677419,Worn,2,5,4.5,38.5,80,3200,640,10,train
P119_F03_C4,100,105,25,0.201612903,Worn,2,5,4.5,38.5,80,3200,640,10,train
P119_F03_C5,101,105,24,0.193548387,Worn,2,5,4.5,38.5,80,3200,640,10,train
P119_F03_C6,102,105,23,0.185483871,Worn,2,5,4.5,38.5,80,3200,640,10,train
P119_F03_C7,103,105,22,0.177419355,Worn,2,5,4.5,38.5,80,3200,640,10,train
P119_F04_C1,104,105,21,0.169354839,Worn,2,5,4.5,38.5,80,3200,640,10,train
P119_F04_C2,105,105,20,0.161290323,Worn,2,5,4.5,38.5,80,3200,640,10,train
P119_F04_C3,106,105,19,0.153225806,Worn,2,5,4.5,38.5,80,3200,640,10,train
P119_F04_C4,107,105,18,0.14516129,Worn,2,5,4.5,38.5,80,3200,640,10,train
P119_F04_C5,108,105,17,0.137096774,Worn,2,5,4.5,38.5,80,3200,640,10,train
P119_F04_C6,109,105,16,0.129032258,Worn,2,5,4.5,38.5,80,3200,640,10,train
P119_F04_C7,110,105,15,0.120967742,Worn,2,5,4.5,38.5,80,3200,640,10,train
P119_F05_C1,111,105,14,0.112903226,Worn,2,5,4.5,38.5,80,3200,640,10,train
P119_F05_C2,112,105,13,0.10483871,Worn,2,5,4.5,38.5,80,3200,640,10,train
P119_F05_C3,113,105,12,0.096774194,Worn,2,5,4.5,38.5,80,3200,640,10,train
P119_F05_C4,114,105,11,0.088709677,Worn,2,5,4.5,38.5,80,3200,640,10,train
P119_F05_C5,115,105,10,0.080645161,Worn,2,5,4.5,38.5,80,3200,640,10,train
P119_F05_C6,116,105,9,0.072580645,Worn,2,5,4.5,38.5,80,3200,640,10,train
P119_F05_C7,117,105,8,0.064516129,Worn,2,5,4.5,38.5,80,3200,640,10,train
P119_F06_C1,118,105,7,0.056451613,Worn,2,5,4.5,38.5,80,3200,640,10,train
P119_F06_C2,119,105,6,0.048387097,Worn,2,5,4.5,38.5,80,3200,640,10,train
P119_F06_C3,120,105,5,0.040322581,Worn,2,5,4.5,38.5,80,3200,640,10,train
P119_F06_C4,121,105,4,0.032258065,Worn,2,5,4.5,38.5,80,3200,640,10,train
P119_F06_C5,122,105,3,0.024193548,Worn,2,5,4.5,38.5,80,3200,640,10,train
P119_F06_C6,123,105,2,0.016129032,Worn,2,5,4.5,38.5,80,3200,640,10,train
P119_F06_C7,124,105,1,0.008064516,Worn,2,5,4.5,38.5,80,3200,640,10,train
P119_F07_C1,125,105,0,0.0,Worn,2,5,4.5,38.5,80,3200,640,10,train
P002_F02_C4,8,2,42,0.857142857,Healthy,1,5,8.0,36.67,80,3200,640,10,val
P002_F03_C1,9,2,41,0.836734694,Healthy,1,5,8.0,36.67,80,3200,640,10,val
P002_F03_C2,10,2,40,0.816326531,Healthy,1,5,8.0,36.67,80,3200,640,10,val
P002_F03_C3,11,2,39,0.795918367,Healthy,1,5,8.0,36.67,80,3200,640,10,val
P002_F03_C4,12,2,38,0.775510204,Healthy,1,5,8.0,36.67,80,3200,640,10,val
P002_F04_C1,13,2,37,0.755102041,Healthy,1,5,8.0,36.67,80,3200,640,10,val
P002_F04_C2,14,2,36,0.734693878,Healthy,1,5,8.0,36.67,80,3200,640,10,val
P002_F04_C3,15,2,35,0.714285714,Healthy,1,5,8.0,36.67,80,3200,640,10,val
P002_F04_C4,16,2,34,0.693877551,Healthy,1,5,8.0,36.67,80,3200,640,10,val
P002_F05_C1,17,2,33,0.673469388,Healthy,1,5,8.0,36.67,80,3200,640,10,val
P002_F05_C2,18,2,32,0.653061224,Moderate,1,5,8.0,36.67,80,3200,640,10,val
P002_F05_C3,19,2,31,0.632653061,Moderate,1,5,8.0,36.67,80,3200,640,10,val
P002_F06_C1,21,2,29,0.591836735,Moderate,1,5,8.0,36.67,80,3200,640,10,val
P002_F06_C2,22,2,28,0.571428571,Moderate,1,5,8.0,36.67,80,3200,640,10,val
P002_F06_C3,23,2,27,0.551020408,Moderate,1,5,8.0,36.67,80,3200,640,10,val
P002_F06_C4,24,2,26,0.530612245,Moderate,1,5,8.0,36.67,80,3200,640,10,val
P002_F07_C1,25,2,25,0.510204082,Moderate,1,5,8.0,36.67,80,3200,640,10,val
P002_F07_C2,26,2,24,0.489795918,Moderate,1,5,8.0,36.67,80,3200,640,10,val
P002_F07_C3,27,2,23,0.469387755,Moderate,1,5,8.0,36.67,80,3200,640,10,val
P002_F07_C4,28,2,22,0.448979592,Moderate,1,5,8.0,36.67,80,3200,640,10,val
P002_F08_C1,29,2,21,0.428571429,Moderate,1,5,8.0,36.67,80,3200,640,10,val
P002_F08_C2,30,2,20,0.408163265,Moderate,1,5,8.0,36.67,80,3200,640,10,val
P002_F08_C3,31,2,19,0.387755102,Moderate,1,5,8.0,36.67,80,3200,640,10,val
P002_F09_C1,34,2,16,0.326530612,Worn,1,5,8.0,36.67,80,3200,640,10,val
P002_F09_C2,34,2,16,0.326530612,Worn,1,5,8.0,36.67,80,3200,640,10,val
P002_F09_C3,35,2,15,0.306122449,Worn,1,5,8.0,36.67,80,3200,640,10,val
P002_F09_C4,36,2,14,0.285714286,Worn,1,5,8.0,36.67,80,3200,640,10,val
P002_F10_C1,37,2,13,0.265306122,Worn,1,5,8.0,36.67,80,3200,640,10,val
P002_F10_C2,38,2,12,0.244897959,Worn,1,5,8.0,36.67,80,3200,640,10,val
P002_F10_C3,39,2,11,0.224489796,Worn,1,5,8.0,36.67,80,3200,640,10,val
P002_F10_C4,40,2,10,0.204081633,Worn,1,5,8.0,36.67,80,3200,640,10,val
P002_F11_C1,41,2,9,0.183673469,Worn,1,5,8.0,36.67,80,3200,640,10,val
P002_F11_C2,42,2,8,0.163265306,Worn,1,5,8.0,36.67,80,3200,640,10,val
P002_F11_C3,43,2,7,0.142857143,Worn,1,5,8.0,36.67,80,3200,640,10,val
P002_F11_C4,44,2,6,0.12244898,Worn,1,5,8.0,36.67,80,3200,640,10,val
P002_F12_C1,45,2,5,0.102040816,Worn,1,5,8.0,36.67,80,3200,640,10,val
P002_F12_C2,46,2,4,0.081632653,Worn,1,5,8.0,36.67,80,3200,640,10,val
P002_F12_C3,47,2,3,0.06122449,Worn,1,5,8.0,36.67,80,3200,640,10,val
P002_F12_C4,48,2,2,0.040816327,Worn,1,5,8.0,36.67,80,3200,640,10,val
P007_F01_C1,49,2,1,0.020408163,Worn,1,5,8.0,35.33,80,3200,640,10,val
P007_F01_C2,50,2,0,0.0,Worn,1,5,8.0,35.33,80,3200,640,10,val
P016_F03_C4,8,5,46,0.867924528,Healthy,1,10,8.0,37.5,80,3200,640,10,val
P016_F04_C1,9,5,45,0.849056604,Healthy,1,10,8.0,37.5,80,3200,640,10,val
P016_F04_C2,10,5,44,0.830188679,Healthy,1,10,8.0,37.5,80,3200,640,10,val
P016_F04_C4,12,5,42,0.79245283,Healthy,1,10,8.0,37.5,80,3200,640,10,val
P016_F05_C1,13,5,41,0.773584906,Healthy,1,10,8.0,37.5,80,3200,640,10,val
P016_F05_C2,14,5,40,0.754716981,Healthy,1,10,8.0,37.5,80,3200,640,10,val
P016_F05_C3,15,5,39,0.735849057,Healthy,1,10,8.0,37.5,80,3200,640,10,val
P016_F06_C1,17,5,37,0.698113208,Healthy,1,10,8.0,37.5,80,3200,640,10,val
P016_F06_C2,18,5,36,0.679245283,Healthy,1,10,8.0,37.5,80,3200,640,10,val
P016_F06_C3,19,5,35,0.660377358,Healthy,1,10,8.0,37.5,80,3200,640,10,val
P016_F06_C4,20,5,34,0.641509434,Moderate,1,10,8.0,37.5,80,3200,640,10,val
P010_F01_C1,21,5,33,0.622641509,Moderate,1,10,8.0,38.33,80,3200,640,10,val
P010_F01_C2,22,5,32,0.603773585,Moderate,1,10,8.0,38.33,80,3200,640,10,val
P010_F01_C3,23,5,31,0.58490566,Moderate,1,10,8.0,38.33,80,3200,640,10,val
P010_F02_C1,25,5,29,0.547169811,Moderate,1,10,8.0,38.33,80,3200,640,10,val
P010_F02_C2,26,5,28,0.528301887,Moderate,1,10,8.0,38.33,80,3200,640,10,val
P010_F02_C3,27,5,27,0.509433962,Moderate,1,10,8.0,38.33,80,3200,640,10,val
P010_F02_C4,28,5,26,0.490566038,Moderate,1,10,8.0,38.33,80,3200,640,10,val
P010_F03_C1,29,5,25,0.471698113,Moderate,1,10,8.0,38.33,80,3200,640,10,val
P010_F03_C2,30,5,24,0.452830189,Moderate,1,10,8.0,38.33,80,3200,640,10,val
P010_F03_C3,31,5,23,0.433962264,Moderate,1,10,8.0,38.33,80,3200,640,10,val
P010_F03_C4,32,5,22,0.41509434,Moderate,1,10,8.0,38.33,80,3200,640,10,val
P010_F04_C1,33,5,21,0.396226415,Moderate,1,10,8.0,38.33,80,3200,640,10,val
P010_F04_C2,34,5,20,0.377358491,Moderate,1,10,8.0,38.33,80,3200,640,10,val
P010_F04_C3,35,5,19,0.358490566,Moderate,1,10,8.0,38.33,80,3200,640,10,val
P010_F04_C4,36,5,18,0.339622642,Moderate,1,10,8.0,38.33,80,3200,640,10,val
P010_F05_C1,37,5,17,0.320754717,Worn,1,10,8.0,38.33,80,3200,640,10,val
P010_F05_C2,38,5,16,0.301886792,Worn,1,10,8.0,38.33,80,3200,640,10,val
P010_F05_C3,39,5,15,0.283018868,Worn,1,10,8.0,38.33,80,3200,640,10,val
P010_F05_C4,40,5,14,0.264150943,Worn,1,10,8.0,38.33,80,3200,640,10,val
P010_F06_C1,41,5,13,0.245283019,Worn,1,10,8.0,38.33,80,3200,640,10,val
P010_F06_C2,42,5,12,0.226415094,Worn,1,10,8.0,38.33,80,3200,640,10,val
P010_F06_C3,43,5,11,0.20754717,Worn,1,10,8.0,38.33,80,3200,640,10,val
P010_F06_C4,44,5,10,0.188679245,Worn,1,10,8.0,38.33,80,3200,640,10,val
P008_F01_C1,45,5,9,0.169811321,Worn,1,10,8.0,38.17,80,3200,640,10,val
P008_F01_C2,46,5,8,0.150943396,Worn,1,10,8.0,38.17,80,3200,640,10,val
P008_F01_C3,47,5,7,0.132075472,Worn,1,10,8.0,38.17,80,3200,640,10,val
P008_F01_C4,48,5,6,0.113207547,Worn,1,10,8.0,38.17,80,3200,640,10,val
P008_F02_C1,49,5,5,0.094339623,Worn,1,10,8.0,38.17,80,3200,640,10,val
P008_F02_C2,50,5,4,0.075471698,Worn,1,10,8.0,38.17,80,3200,640,10,val
P008_F02_C3,51,5,3,0.056603774,Worn,1,10,8.0,38.17,80,3200,640,10,val
P008_F02_C4,52,5,2,0.037735849,Worn,1,10,8.0,38.17,80,3200,640,10,val
P008_F03_C1,53,5,1,0.018867925,Worn,1,10,8.0,38.17,80,3200,640,10,val
P008_F03_C2,54,5,0,0.0,Worn,1,10,8.0,38.17,80,3200,640,10,val
P012_F02_C1,8,8,108,0.939130435,Healthy,1,5,4.5,41.67,80,3200,640,10,test
P012_F02_C2,9,8,107,0.930434783,Healthy,1,5,4.5,41.67,80,3200,640,10,test
P012_F02_C3,10,8,106,0.92173913,Healthy,1,5,4.5,41.67,80,3200,640,10,test
P012_F02_C4,11,8,105,0.913043478,Healthy,1,5,4.5,41.67,80,3200,640,10,test
P012_F02_C5,12,8,104,0.904347826,Healthy,1,5,4.5,41.67,80,3200,640,10,test
P012_F02_C6,13,8,103,0.895652174,Healthy,1,5,4.5,41.67,80,3200,640,10,test
P012_F02_C7,14,8,102,0.886956522,Healthy,1,5,4.5,41.67,80,3200,640,10,test
P012_F03_C1,15,8,101,0.87826087,Healthy,1,5,4.5,41.67,80,3200,640,10,test
P012_F03_C2,16,8,100,0.869565217,Healthy,1,5,4.5,41.67,80,3200,640,10,test
P012_F03_C3,17,8,99,0.860869565,Healthy,1,5,4.5,41.67,80,3200,640,10,test
P012_F03_C4,18,8,98,0.852173913,Healthy,1,5,4.5,41.67,80,3200,640,10,test
P012_F03_C5,19,8,97,0.843478261,Healthy,1,5,4.5,41.67,80,3200,640,10,test
P012_F03_C6,20,8,96,0.834782609,Healthy,1,5,4.5,41.67,80,3200,640,10,test
P012_F03_C7,21,8,95,0.826086957,Healthy,1,5,4.5,41.67,80,3200,640,10,test
P012_F04_C1,22,8,94,0.817391304,Healthy,1,5,4.5,41.67,80,3200,640,10,test
P012_F04_C2,23,8,93,0.808695652,Healthy,1,5,4.5,41.67,80,3200,640,10,test
P012_F04_C3,24,8,92,0.8,Healthy,1,5,4.5,41.67,80,3200,640,10,test
P012_F04_C4,25,8,91,0.791304348,Healthy,1,5,4.5,41.67,80,3200,640,10,test
P012_F04_C5,26,8,90,0.782608696,Healthy,1,5,4.5,41.67,80,3200,640,10,test
P012_F04_C6,27,8,89,0.773913043,Healthy,1,5,4.5,41.67,80,3200,640,10,test
P012_F04_C7,28,8,88,0.765217391,Healthy,1,5,4.5,41.67,80,3200,640,10,test
P012_F05_C1,29,8,87,0.756521739,Healthy,1,5,4.5,41.67,80,3200,640,10,test
P012_F05_C2,30,8,86,0.747826087,Healthy,1,5,4.5,41.67,80,3200,640,10,test
P012_F05_C3,31,8,85,0.739130435,Healthy,1,5,4.5,41.67,80,3200,640,10,test
P012_F05_C4,32,8,84,0.730434783,Healthy,1,5,4.5,41.67,80,3200,640,10,test
P012_F05_C5,33,8,83,0.72173913,Healthy,1,5,4.5,41.67,80,3200,640,10,test
P012_F05_C6,34,8,82,0.713043478,Healthy,1,5,4.5,41.67,80,3200,640,10,test
P012_F05_C7,35,8,81,0.704347826,Healthy,1,5,4.5,41.67,80,3200,640,10,test
P012_F06_C1,36,8,80,0.695652174,Healthy,1,5,4.5,41.67,80,3200,640,10,test
P012_F06_C2,37,8,79,0.686956522,Healthy,1,5,4.5,41.67,80,3200,640,10,test
P012_F06_C3,38,8,78,0.67826087,Healthy,1,5,4.5,41.67,80,3200,640,10,test
P012_F06_C4,39,8,77,0.669565217,Healthy,1,5,4.5,41.67,80,3200,640,10,test
P012_F06_C5,40,8,76,0.660869565,Healthy,1,5,4.5,41.67,80,3200,640,10,test
P012_F06_C6,41,8,75,0.652173913,Moderate,1,5,4.5,41.67,80,3200,640,10,test
P012_F06_C7,42,8,74,0.643478261,Moderate,1,5,4.5,41.67,80,3200,640,10,test
P012_F07_C1,43,8,73,0.634782609,Moderate,1,5,4.5,41.67,80,3200,640,10,test
P012_F07_C2,44,8,72,0.626086957,Moderate,1,5,4.5,41.67,80,3200,640,10,test
P012_F07_C3,45,8,71,0.617391304,Moderate,1,5,4.5,41.67,80,3200,640,10,test
P012_F07_C4,46,8,70,0.608695652,Moderate,1,5,4.5,41.67,80,3200,640,10,test
P012_F07_C5,47,8,69,0.6,Moderate,1,5,4.5,41.67,80,3200,640,10,test
P012_F07_C6,48,8,68,0.591304348,Moderate,1,5,4.5,41.67,80,3200,640,10,test
P012_F07_C7,49,8,67,0.582608696,Moderate,1,5,4.5,41.67,80,3200,640,10,test
P012_F08_C1,50,8,66,0.573913043,Moderate,1,5,4.5,41.67,80,3200,640,10,test
P012_F08_C2,51,8,65,0.565217391,Moderate,1,5,4.5,41.67,80,3200,640,10,test
P012_F08_C3,52,8,64,0.556521739,Moderate,1,5,4.5,41.67,80,3200,640,10,test
P012_F08_C4,53,8,63,0.547826087,Moderate,1,5,4.5,41.67,80,3200,640,10,test
P012_F08_C5,54,8,62,0.539130435,Moderate,1,5,4.5,41.67,80,3200,640,10,test
P012_F08_C6,55,8,61,0.530434783,Moderate,1,5,4.5,41.67,80,3200,640,10,test
P012_F08_C7,56,8,60,0.52173913,Moderate,1,5,4.5,41.67,80,3200,640,10,test
P012_F09_C1,57,8,59,0.513043478,Moderate,1,5,4.5,41.67,80,3200,640,10,test
P012_F09_C2,58,8,58,0.504347826,Moderate,1,5,4.5,41.67,80,3200,640,10,test
P012_F09_C3,59,8,57,0.495652174,Moderate,1,5,4.5,41.67,80,3200,640,10,test
P012_F09_C4,60,8,56,0.486956522,Moderate,1,5,4.5,41.67,80,3200,640,10,test
P012_F09_C5,61,8,55,0.47826087,Moderate,1,5,4.5,41.67,80,3200,640,10,test
P012_F09_C6,62,8,54,0.469565217,Moderate,1,5,4.5,41.67,80,3200,640,10,test
P012_F09_C7,63,8,53,0.460869565,Moderate,1,5,4.5,41.67,80,3200,640,10,test
P012_F10_C1,64,8,52,0.452173913,Moderate,1,5,4.5,41.67,80,3200,640,10,test
P012_F10_C2,65,8,51,0.443478261,Moderate,1,5,4.5,41.67,80,3200,640,10,test
P012_F10_C3,66,8,50,0.434782609,Moderate,1,5,4.5,41.67,80,3200,640,10,test
P012_F10_C4,67,8,49,0.426086957,Moderate,1,5,4.5,41.67,80,3200,640,10,test
P012_F10_C5,68,8,48,0.417391304,Moderate,1,5,4.5,41.67,80,3200,640,10,test
P012_F10_C6,69,8,47,0.408695652,Moderate,1,5,4.5,41.67,80,3200,640,10,test
P012_F10_C7,70,8,46,0.4,Moderate,1,5,4.5,41.67,80,3200,640,10,test
P012_F11_C1,71,8,45,0.391304348,Moderate,1,5,4.5,41.67,80,3200,640,10,test
P012_F11_C2,72,8,44,0.382608696,Moderate,1,5,4.5,41.67,80,3200,640,10,test
P012_F11_C3,73,8,43,0.373913043,Moderate,1,5,4.5,41.67,80,3200,640,10,test
P012_F11_C4,74,8,42,0.365217391,Moderate,1,5,4.5,41.67,80,3200,640,10,test
P012_F11_C5,75,8,41,0.356521739,Moderate,1,5,4.5,41.67,80,3200,640,10,test
P012_F11_C6,76,8,40,0.347826087,Moderate,1,5,4.5,41.67,80,3200,640,10,test
P012_F11_C7,77,8,39,0.339130435,Moderate,1,5,4.5,41.67,80,3200,640,10,test
P012_F12_C1,78,8,38,0.330434783,Moderate,1,5,4.5,41.67,80,3200,640,10,test
P012_F12_C2,79,8,37,0.32173913,Worn,1,5,4.5,41.67,80,3200,640,10,test
P012_F12_C3,80,8,36,0.313043478,Worn,1,5,4.5,41.67,80,3200,640,10,test
P012_F12_C4,81,8,35,0.304347826,Worn,1,5,4.5,41.67,80,3200,640,10,test
P012_F12_C5,82,8,34,0.295652174,Worn,1,5,4.5,41.67,80,3200,640,10,test
P012_F12_C6,83,8,33,0.286956522,Worn,1,5,4.5,41.67,80,3200,640,10,test
P012_F12_C7,84,8,32,0.27826087,Worn,1,5,4.5,41.67,80,3200,640,10,test
P023_F01_C1,85,8,31,0.269565217,Worn,1,5,4.5,39.0,80,3200,640,10,test
P023_F01_C2,86,8,30,0.260869565,Worn,1,5,4.5,39.0,80,3200,640,10,test
P023_F01_C3,87,8,29,0.252173913,Worn,1,5,4.5,39.0,80,3200,640,10,test
P023_F01_C4,88,8,28,0.243478261,Worn,1,5,4.5,39.0,80,3200,640,10,test
P023_F01_C5,89,8,27,0.234782609,Worn,1,5,4.5,39.0,80,3200,640,10,test
P023_F01_C6,90,8,26,0.226086957,Worn,1,5,4.5,39.0,80,3200,640,10,test
P023_F01_C7,91,8,25,0.217391304,Worn,1,5,4.5,39.0,80,3200,640,10,test
P023_F02_C1,92,8,24,0.208695652,Worn,1,5,4.5,39.0,80,3200,640,10,test
P023_F02_C2,93,8,23,0.2,Worn,1,5,4.5,39.0,80,3200,640,10,test
P023_F02_C3,94,8,22,0.191304348,Worn,1,5,4.5,39.0,80,3200,640,10,test
P023_F02_C4,95,8,21,0.182608696,Worn,1,5,4.5,39.0,80,3200,640,10,test
P023_F02_C5,96,8,20,0.173913043,Worn,1,5,4.5,39.0,80,3200,640,10,test
P023_F02_C6,97,8,19,0.165217391,Worn,1,5,4.5,39.0,80,3200,640,10,test
P023_F02_C7,98,8,18,0.156521739,Worn,1,5,4.5,39.0,80,3200,640,10,test
P023_F03_C1,99,8,17,0.147826087,Worn,1,5,4.5,39.0,80,3200,640,10,test
P023_F03_C2,100,8,16,0.139130435,Worn,1,5,4.5,39.0,80,3200,640,10,test
P023_F03_C3,101,8,15,0.130434783,Worn,1,5,4.5,39.0,80,3200,640,10,test
P023_F03_C4,102,8,14,0.12173913,Worn,1,5,4.5,39.0,80,3200,640,10,test
P023_F03_C5,103,8,13,0.113043478,Worn,1,5,4.5,39.0,80,3200,640,10,test
P023_F03_C6,104,8,12,0.104347826,Worn,1,5,4.5,39.0,80,3200,640,10,test
P023_F03_C7,105,8,11,0.095652174,Worn,1,5,4.5,39.0,80,3200,640,10,test
P023_F04_C1,106,8,10,0.086956522,Worn,1,5,4.5,39.0,80,3200,640,10,test
P023_F04_C2,107,8,9,0.07826087,Worn,1,5,4.5,39.0,80,3200,640,10,test
P023_F04_C3,108,8,8,0.069565217,Worn,1,5,4.5,39.0,80,3200,640,10,test
P023_F04_C4,109,8,7,0.060869565,Worn,1,5,4.5,39.0,80,3200,640,10,test
P023_F04_C5,110,8,6,0.052173913,Worn,1,5,4.5,39.0,80,3200,640,10,test
P023_F04_C6,111,8,5,0.043478261,Worn,1,5,4.5,39.0,80,3200,640,10,test
P023_F04_C7,112,8,4,0.034782609,Worn,1,5,4.5,39.0,80,3200,640,10,test
P023_F05_C1,113,8,3,0.026086957,Worn,1,5,4.5,39.0,80,3200,640,10,test
P023_F05_C2,114,8,2,0.017391304,Worn,1,5,4.5,39.0,80,3200,640,10,test
P023_F05_C3,115,8,1,0.008695652,Worn,1,5,4.5,39.0,80,3200,640,10,test
P023_F05_C4,116,8,0,0.0,Worn,1,5,4.5,39.0,80,3200,640,10,test
P014_F02_C1,8,9,142,0.953020134,Healthy,1,5,4.5,37.33,80,3200,640,10,test
P014_F02_C2,9,9,141,0.946308725,Healthy,1,5,4.5,37.33,80,3200,640,10,test
P014_F02_C3,10,9,140,0.939597315,Healthy,1,5,4.5,37.33,80,3200,640,10,test
P014_F02_C4,11,9,139,0.932885906,Healthy,1,5,4.5,37.33,80,3200,640,10,test
P014_F02_C5,12,9,138,0.926174497,Healthy,1,5,4.5,37.33,80,3200,640,10,test
P014_F02_C6,13,9,137,0.919463087,Healthy,1,5,4.5,37.33,80,3200,640,10,test
P014_F02_C7,14,9,136,0.912751678,Healthy,1,5,4.5,37.33,80,3200,640,10,test
P014_F03_C1,15,9,135,0.906040268,Healthy,1,5,4.5,37.33,80,3200,640,10,test
P014_F03_C2,16,9,134,0.899328859,Healthy,1,5,4.5,37.33,80,3200,640,10,test
P014_F03_C3,17,9,133,0.89261745,Healthy,1,5,4.5,37.33,80,3200,640,10,test
P014_F03_C4,18,9,132,0.88590604,Healthy,1,5,4.5,37.33,80,3200,640,10,test
P014_F03_C5,19,9,131,0.879194631,Healthy,1,5,4.5,37.33,80,3200,640,10,test
P014_F03_C6,20,9,130,0.872483221,Healthy,1,5,4.5,37.33,80,3200,640,10,test
P014_F03_C7,21,9,129,0.865771812,Healthy,1,5,4.5,37.33,80,3200,640,10,test
P014_F04_C1,22,9,128,0.859060403,Healthy,1,5,4.5,37.33,80,3200,640,10,test
P014_F04_C2,23,9,127,0.852348993,Healthy,1,5,4.5,37.33,80,3200,640,10,test
P014_F04_C3,24,9,126,0.845637584,Healthy,1,5,4.5,37.33,80,3200,640,10,test
P014_F04_C4,25,9,125,0.838926174,Healthy,1,5,4.5,37.33,80,3200,640,10,test
P014_F04_C5,26,9,124,0.832214765,Healthy,1,5,4.5,37.33,80,3200,640,10,test
P014_F04_C6,27,9,123,0.825503356,Healthy,1,5,4.5,37.33,80,3200,640,10,test
P014_F04_C7,28,9,122,0.818791946,Healthy,1,5,4.5,37.33,80,3200,640,10,test
P014_F05_C1,29,9,121,0.812080537,Healthy,1,5,4.5,37.33,80,3200,640,10,test
P014_F05_C2,30,9,120,0.805369128,Healthy,1,5,4.5,37.33,80,3200,640,10,test
P014_F05_C3,31,9,119,0.798657718,Healthy,1,5,4.5,37.33,80,3200,640,10,test
P014_F05_C4,32,9,118,0.791946309,Healthy,1,5,4.5,37.33,80,3200,640,10,test
P014_F05_C5,33,9,117,0.785234899,Healthy,1,5,4.5,37.33,80,3200,640,10,test
P014_F05_C6,34,9,116,0.77852349,Healthy,1,5,4.5,37.33,80,3200,640,10,test
P014_F05_C7,35,9,115,0.771812081,Healthy,1,5,4.5,37.33,80,3200,640,10,test
P014_F06_C1,36,9,114,0.765100671,Healthy,1,5,4.5,37.33,80,3200,640,10,test
P014_F06_C2,37,9,113,0.758389262,Healthy,1,5,4.5,37.33,80,3200,640,10,test
P014_F06_C3,38,9,112,0.751677852,Healthy,1,5,4.5,37.33,80,3200,640,10,test
P014_F06_C4,39,9,111,0.744966443,Healthy,1,5,4.5,37.33,80,3200,640,10,test
P014_F06_C5,40,9,110,0.738255034,Healthy,1,5,4.5,37.33,80,3200,640,10,test
P014_F06_C6,41,9,109,0.731543624,Healthy,1,5,4.5,37.33,80,3200,640,10,test
P014_F06_C7,42,9,108,0.724832215,Healthy,1,5,4.5,37.33,80,3200,640,10,test
P014_F07_C1,43,9,107,0.718120805,Healthy,1,5,4.5,37.33,80,3200,640,10,test
P014_F07_C2,44,9,106,0.711409396,Healthy,1,5,4.5,37.33,80,3200,640,10,test
P014_F07_C3,45,9,105,0.704697987,Healthy,1,5,4.5,37.33,80,3200,640,10,test
P014_F07_C4,46,9,104,0.697986577,Healthy,1,5,4.5,37.33,80,3200,640,10,test
P014_F07_C5,47,9,103,0.691275168,Healthy,1,5,4.5,37.33,80,3200,640,10,test
P014_F07_C6,48,9,102,0.684563758,Healthy,1,5,4.5,37.33,80,3200,640,10,test
P014_F07_C7,49,9,101,0.677852349,Healthy,1,5,4.5,37.33,80,3200,640,10,test
P014_F08_C1,50,9,100,0.67114094,Healthy,1,5,4.5,37.33,80,3200,640,10,test
P014_F08_C2,51,9,99,0.66442953,Healthy,1,5,4.5,37.33,80,3200,640,10,test
P014_F08_C3,52,9,98,0.657718121,Moderate,1,5,4.5,37.33,80,3200,640,10,test
P014_F08_C4,53,9,97,0.651006711,Moderate,1,5,4.5,37.33,80,3200,640,10,test
P014_F08_C5,54,9,96,0.644295302,Moderate,1,5,4.5,37.33,80,3200,640,10,test
P014_F08_C6,55,9,95,0.637583893,Moderate,1,5,4.5,37.33,80,3200,640,10,test
P014_F08_C7,56,9,94,0.630872483,Moderate,1,5,4.5,37.33,80,3200,640,10,test
P014_F09_C1,57,9,93,0.624161074,Moderate,1,5,4.5,37.33,80,3200,640,10,test
P014_F09_C2,58,9,92,0.617449664,Moderate,1,5,4.5,37.33,80,3200,640,10,test
P014_F09_C3,59,9,91,0.610738255,Moderate,1,5,4.5,37.33,80,3200,640,10,test
P014_F09_C4,60,9,90,0.604026846,Moderate,1,5,4.5,37.33,80,3200,640,10,test
P014_F09_C5,61,9,89,0.597315436,Moderate,1,5,4.5,37.33,80,3200,640,10,test
P014_F09_C6,62,9,88,0.590604027,Moderate,1,5,4.5,37.33,80,3200,640,10,test
P014_F09_C7,63,9,87,0.583892617,Moderate,1,5,4.5,37.33,80,3200,640,10,test
P014_F10_C1,64,9,86,0.577181208,Moderate,1,5,4.5,37.33,80,3200,640,10,test
P014_F10_C2,65,9,85,0.570469799,Moderate,1,5,4.5,37.33,80,3200,640,10,test
P014_F10_C3,66,9,84,0.563758389,Moderate,1,5,4.5,37.33,80,3200,640,10,test
P014_F10_C4,67,9,83,0.55704698,Moderate,1,5,4.5,37.33,80,3200,640,10,test
P014_F10_C5,68,9,82,0.55033557,Moderate,1,5,4.5,37.33,80,3200,640,10,test
P014_F10_C6,69,9,81,0.543624161,Moderate,1,5,4.5,37.33,80,3200,640,10,test
P014_F10_C7,70,9,80,0.536912752,Moderate,1,5,4.5,37.33,80,3200,640,10,test
P014_F11_C1,71,9,79,0.530201342,Moderate,1,5,4.5,37.33,80,3200,640,10,test
P014_F11_C2,72,9,78,0.523489933,Moderate,1,5,4.5,37.33,80,3200,640,10,test
P014_F11_C3,73,9,77,0.516778523,Moderate,1,5,4.5,37.33,80,3200,640,10,test
P014_F11_C4,74,9,76,0.510067114,Moderate,1,5,4.5,37.33,80,3200,640,10,test
P014_F11_C5,75,9,75,0.503355705,Moderate,1,5,4.5,37.33,80,3200,640,10,test
P014_F11_C6,76,9,74,0.496644295,Moderate,1,5,4.5,37.33,80,3200,640,10,test
P014_F11_C7,77,9,73,0.489932886,Moderate,1,5,4.5,37.33,80,3200,640,10,test
P014_F12_C1,78,9,72,0.483221477,Moderate,1,5,4.5,37.33,80,3200,640,10,test
P014_F12_C2,79,9,71,0.476510067,Moderate,1,5,4.5,37.33,80,3200,640,10,test
P014_F12_C3,80,9,70,0.469798658,Moderate,1,5,4.5,37.33,80,3200,640,10,test
P014_F12_C4,81,9,69,0.463087248,Moderate,1,5,4.5,37.33,80,3200,640,10,test
P014_F12_C5,82,9,68,0.456375839,Moderate,1,5,4.5,37.33,80,3200,640,10,test
P014_F12_C6,83,9,67,0.44966443,Moderate,1,5,4.5,37.33,80,3200,640,10,test
P014_F12_C7,84,9,66,0.44295302,Moderate,1,5,4.5,37.33,80,3200,640,10,test
P033_F01_C1,85,9,65,0.436241611,Moderate,1,5,4.5,39.33,80,3200,640,10,test
P033_F01_C2,86,9,64,0.429530201,Moderate,1,5,4.5,39.33,80,3200,640,10,test
P033_F01_C3,87,9,63,0.422818792,Moderate,1,5,4.5,39.33,80,3200,640,10,test
P033_F01_C4,88,9,62,0.416107383,Moderate,1,5,4.5,39.33,80,3200,640,10,test
P033_F01_C5,89,9,61,0.409395973,Moderate,1,5,4.5,39.33,80,3200,640,10,test
P033_F01_C6,90,9,60,0.402684564,Moderate,1,5,4.5,39.33,80,3200,640,10,test
P033_F01_C7,91,9,59,0.395973154,Moderate,1,5,4.5,39.33,80,3200,640,10,test
P033_F02_C1,92,9,58,0.389261745,Moderate,1,5,4.5,39.33,80,3200,640,10,test
P033_F02_C2,93,9,57,0.382550336,Moderate,1,5,4.5,39.33,80,3200,640,10,test
P033_F02_C3,94,9,56,0.375838926,Moderate,1,5,4.5,39.33,80,3200,640,10,test
P033_F02_C4,95,9,55,0.369127517,Moderate,1,5,4.5,39.33,80,3200,640,10,test
P033_F02_C5,96,9,54,0.362416107,Moderate,1,5,4.5,39.33,80,3200,640,10,test
P033_F02_C6,97,9,53,0.355704698,Moderate,1,5,4.5,39.33,80,3200,640,10,test
P033_F02_C7,98,9,52,0.348993289,Moderate,1,5,4.5,39.33,80,3200,640,10,test
P033_F03_C1,99,9,51,0.342281879,Moderate,1,5,4.5,39.33,80,3200,640,10,test
P033_F03_C2,100,9,50,0.33557047,Moderate,1,5,4.5,39.33,80,3200,640,10,test
P033_F03_C3,101,9,49,0.32885906,Worn,1,5,4.5,39.33,80,3200,640,10,test
P033_F03_C4,102,9,48,0.322147651,Worn,1,5,4.5,39.33,80,3200,640,10,test
P033_F03_C5,103,9,47,0.315436242,Worn,1,5,4.5,39.33,80,3200,640,10,test
P033_F03_C6,104,9,46,0.308724832,Worn,1,5,4.5,39.33,80,3200,640,10,test
P033_F03_C7,105,9,45,0.302013423,Worn,1,5,4.5,39.33,80,3200,640,10,test
P033_F04_C1,106,9,44,0.295302013,Worn,1,5,4.5,39.33,80,3200,640,10,test
P033_F04_C2,107,9,43,0.288590604,Worn,1,5,4.5,39.33,80,3200,640,10,test
P033_F04_C3,108,9,42,0.281879195,Worn,1,5,4.5,39.33,80,3200,640,10,test
P033_F04_C4,109,9,41,0.275167785,Worn,1,5,4.5,39.33,80,3200,640,10,test
P033_F04_C5,110,9,40,0.268456376,Worn,1,5,4.5,39.33,80,3200,640,10,test
P033_F04_C6,111,9,39,0.261744966,Worn,1,5,4.5,39.33,80,3200,640,10,test
P033_F04_C7,112,9,38,0.255033557,Worn,1,5,4.5,39.33,80,3200,640,10,test
P033_F05_C1,113,9,37,0.248322148,Worn,1,5,4.5,39.33,80,3200,640,10,test
P033_F05_C2,114,9,36,0.241610738,Worn,1,5,4.5,39.33,80,3200,640,10,test
P033_F05_C3,115,9,35,0.234899329,Worn,1,5,4.5,39.33,80,3200,640,10,test
P033_F05_C4,116,9,34,0.228187919,Worn,1,5,4.5,39.33,80,3200,640,10,test
P033_F05_C5,117,9,33,0.22147651,Worn,1,5,4.5,39.33,80,3200,640,10,test
P033_F05_C6,118,9,32,0.214765101,Worn,1,5,4.5,39.33,80,3200,640,10,test
P033_F05_C7,119,9,31,0.208053691,Worn,1,5,4.5,39.33,80,3200,640,10,test
P033_F06_C1,120,9,30,0.201342282,Worn,1,5,4.5,39.33,80,3200,640,10,test
P033_F06_C2,121,9,29,0.194630872,Worn,1,5,4.5,39.33,80,3200,640,10,test
P033_F06_C3,122,9,28,0.187919463,Worn,1,5,4.5,39.33,80,3200,640,10,test
P033_F06_C4,123,9,27,0.181208054,Worn,1,5,4.5,39.33,80,3200,640,10,test
P033_F06_C5,124,9,26,0.174496644,Worn,1,5,4.5,39.33,80,3200,640,10,test
P033_F06_C6,125,9,25,0.167785235,Worn,1,5,4.5,39.33,80,3200,640,10,test
P033_F06_C7,126,9,24,0.161073826,Worn,1,5,4.5,39.33,80,3200,640,10,test
P033_F07_C1,127,9,23,0.154362416,Worn,1,5,4.5,39.33,80,3200,640,10,test
P033_F07_C2,128,9,22,0.147651007,Worn,1,5,4.5,39.33,80,3200,640,10,test
P033_F07_C3,129,9,21,0.140939597,Worn,1,5,4.5,39.33,80,3200,640,10,test
P033_F07_C4,130,9,20,0.134228188,Worn,1,5,4.5,39.33,80,3200,640,10,test
P033_F07_C5,131,9,19,0.127516779,Worn,1,5,4.5,39.33,80,3200,640,10,test
P033_F07_C6,132,9,18,0.120805369,Worn,1,5,4.5,39.33,80,3200,640,10,test
P033_F07_C7,133,9,17,0.11409396,Worn,1,5,4.5,39.33,80,3200,640,10,test
P033_F08_C1,134,9,16,0.10738255,Worn,1,5,4.5,39.33,80,3200,640,10,test
P033_F08_C2,135,9,15,0.100671141,Worn,1,5,4.5,39.33,80,3200,640,10,test
P033_F08_C3,136,9,14,0.093959732,Worn,1,5,4.5,39.33,80,3200,640,10,test
P033_F08_C4,137,9,13,0.087248322,Worn,1,5,4.5,39.33,80,3200,640,10,test
P033_F08_C5,138,9,12,0.080536913,Worn,1,5,4.5,39.33,80,3200,640,10,test
P033_F08_C6,139,9,11,0.073825503,Worn,1,5,4.5,39.33,80,3200,640,10,test
P033_F08_C7,140,9,10,0.067114094,Worn,1,5,4.5,39.33,80,3200,640,10,test
P033_F09_C1,141,9,9,0.060402685,Worn,1,5,4.5,39.33,80,3200,640,10,test
P033_F09_C2,142,9,8,0.053691275,Worn,1,5,4.5,39.33,80,3200,640,10,test
P033_F09_C3,143,9,7,0.046979866,Worn,1,5,4.5,39.33,80,3200,640,10,test
P033_F09_C4,144,9,6,0.040268456,Worn,1,5,4.5,39.33,80,3200,640,10,test
P033_F09_C5,145,9,5,0.033557047,Worn,1,5,4.5,39.33,80,3200,640,10,test
P033_F09_C6,146,9,4,0.026845638,Worn,1,5,4.5,39.33,80,3200,640,10,test
P033_F10_C1,148,9,2,0.013422819,Worn,1,5,4.5,39.33,80,3200,640,10,test
P033_F10_C2,149,9,1,0.006711409,Worn,1,5,4.5,39.33,80,3200,640,10,test
P033_F10_C3,150,9,0,0.0,Worn,1,5,4.5,39.33,80,3200,640,10,test
